사용월,호선명,역ID,지하철역,20승차,20하차,21승차,21하차,22승차,22하차,23승차,23하차,00승차,00하차
Aug-21,1호선,1,서울역,47289,25080,51106,21490,27974,13638,7756,4968,21,444
Aug-21,1호선,10,동묘앞,5031,3835,4235,3839,2678,3706,577,1759,4,827
Aug-21,1호선,2,시청,31787,3793,27796,3501,13739,2205,2462,822,3,72
Aug-21,1호선,3,종각,53338,5331,52175,3551,24776,2276,3340,951,11,112
Aug-21,1호선,4,종로3가,34790,4850,36333,3834,20598,2789,2893,1345,20,316
Aug-21,1호선,5,종로5가,23306,4214,19554,3305,9855,2349,1551,1150,4,330
Aug-21,1호선,6,동대문,10336,10356,9669,8870,6514,7191,1633,5983,7,1043
Aug-21,1호선,7,신설동,11610,10231,9764,9428,5955,7268,1352,3747,15,390
Aug-21,1호선,8,제기동,8806,10036,7332,9529,4831,7297,1444,3233,7,236
Aug-21,1호선,9,청량리(서울시립대입구),14062,15132,10426,14510,5337,10872,1251,4411,11,425
Aug-21,2호선,11,시청,27911,3122,23620,3189,11023,2069,1676,870,1,28
Aug-21,2호선,12,을지로입구,72237,8949,41678,8256,20327,6214,3086,1972,0,777
Aug-21,2호선,13,을지로3가,28341,4862,29151,4021,16870,3056,2718,989,0,89
Aug-21,2호선,14,을지로4가,12952,2572,9733,2354,6038,1835,1159,708,0,55
Aug-21,2호선,15,동대문역사문화공원(DDP),14975,10423,17012,8292,9174,6442,2424,3592,0,205
Aug-21,2호선,16,신당,12937,15005,12194,14112,7833,11817,1739,4635,3,46
Aug-21,2호선,17,상왕십리,9979,18185,9316,16927,5847,14398,1186,5875,2,9
Aug-21,2호선,18,왕십리(성동구청),17121,14302,19110,13039,14335,12005,3022,4879,2,35
Aug-21,2호선,19,한양대,6468,3646,6212,3704,5413,3080,1775,1372,1,2
Aug-21,2호선,20,뚝섬,31198,10935,27889,9871,15186,8060,2445,3257,2,36
Aug-21,2호선,21,성수,51808,13856,47034,11619,25564,9718,3447,5278,6,1224
Aug-21,2호선,22,건대입구,51677,41238,60740,40830,38481,32156,5895,13207,11,1461
Aug-21,2호선,23,구의(광진구청),14091,37122,13916,34996,10893,28727,3379,9784,3,688
Aug-21,2호선,24,강변(동서울터미널),27719,39851,24136,33370,14957,29367,3732,8248,3,192
Aug-21,2호선,25,잠실나루,8856,13934,6712,13378,4386,12124,1186,3673,3,17
Aug-21,2호선,26,잠실(송파구청),109713,69950,88119,64727,49106,53391,7825,17073,5,56
Aug-21,2호선,27,잠실새내,21910,24206,21957,20714,16532,18944,3029,5993,0,203
Aug-21,2호선,28,종합운동장,5135,8116,5044,8156,3870,7384,697,2266,5,151
Aug-21,2호선,29,삼성(무역센터),91086,12471,69921,10586,31898,7613,4348,2552,0,1036
Aug-21,2호선,30,선릉,69492,14791,67774,13723,50072,11318,6987,4100,2,48
Aug-21,2호선,31,역삼,66771,16029,60382,13097,35770,10301,6676,4088,0,6
Aug-21,2호선,32,강남,138452,34635,157847,27783,105997,21970,12509,8377,5,15
Aug-21,2호선,33,교대(법원.검찰청),41438,17586,44108,15541,31053,13851,4744,4555,0,34
Aug-21,2호선,34,서초,21932,8129,21462,7761,13820,6770,2670,1967,0,6
Aug-21,2호선,35,방배,15379,13878,15569,13565,10948,11901,2121,3587,0,5
Aug-21,2호선,36,사당,40884,49449,42009,47690,28774,40903,5941,14628,1,756
Aug-21,2호선,37,낙성대(강감찬),17363,46423,17503,44464,11862,41108,3253,14427,3,854
Aug-21,2호선,38,서울대입구(관악구청),38875,70955,40283,66924,29761,61513,6170,22130,2,4107
Aug-21,2호선,39,봉천,12780,38119,12388,36924,8458,29537,2063,10882,0,84
Aug-21,2호선,40,신림,39377,113584,40159,112778,29976,92790,6404,39177,0,15
Aug-21,2호선,41,신대방,13671,46735,11070,51504,7730,41164,2227,16448,0,0
Aug-21,2호선,42,구로디지털단지,51419,67092,42175,69767,25985,57480,5079,21926,2,10
Aug-21,2호선,43,대림(구로구청),15484,31979,12572,42729,7978,31124,2172,10513,4,293
Aug-21,2호선,44,신도림,48176,56601,47831,55446,25759,49252,5234,21562,7,3896
Aug-21,2호선,45,문래,20253,16057,21718,14419,11378,11647,2308,4443,1,66
Aug-21,2호선,46,영등포구청,20966,16797,19575,16125,11188,12543,2507,5768,2,75
Aug-21,2호선,47,당산,16816,25357,17025,24595,11786,18866,2580,7776,1,108
Aug-21,2호선,48,합정,49814,26970,54133,24131,37544,18752,7242,8659,3,234
Aug-21,2호선,49,홍대입구,104619,41114,125516,32325,83053,27180,11607,13219,58,1189
Aug-21,2호선,50,신촌,51696,25777,53911,24030,39095,19120,6083,8528,0,4
Aug-21,2호선,51,이대,12581,13596,12060,14293,8554,12120,1920,5610,1,4
Aug-21,2호선,52,아현,6589,13294,5338,12985,3498,10536,849,3756,0,4
Aug-21,2호선,53,충정로(경기대입구),7324,7705,6314,7971,3724,6387,645,2445,1,57
Aug-21,2호선,54,용답,1235,3869,1002,5147,866,4076,254,1559,0,5
Aug-21,2호선,55,신답,489,2947,465,2764,351,2224,77,921,0,4
Aug-21,2호선,56,신설동,2281,2077,1827,1815,1249,1467,296,720,2,98
Aug-21,2호선,57,도림천,738,1306,637,1240,314,994,133,464,0,20
Aug-21,2호선,58,양천구청,2160,11573,1915,10617,1861,8718,334,3724,3,259
Aug-21,2호선,59,신정네거리,4670,16741,3621,14568,2640,12706,538,5211,4,322
Aug-21,2호선,60,용두(동대문구청),1261,2474,1254,2439,526,1701,109,676,0,13
Aug-21,3호선,61,지축,1363,7522,876,6813,795,5864,239,1639,0,0
Aug-21,3호선,62,구파발,13391,28093,12356,22977,6591,19726,1058,9514,8,1241
Aug-21,3호선,63,연신내,22180,57122,21420,51825,14043,43528,2319,18830,2,842
Aug-21,3호선,64,불광,10877,23153,9234,19212,5222,15852,942,6711,0,139
Aug-21,3호선,65,녹번,5951,24896,4996,22384,3422,17374,662,6795,0,21
Aug-21,3호선,66,홍제,8751,23646,6987,21753,4339,16333,874,7071,1,2
Aug-21,3호선,67,무악재,1862,6525,1457,5697,1015,4624,271,1779,0,1
Aug-21,3호선,68,독립문,4288,6826,3332,6153,2437,5380,375,1980,0,1138
Aug-21,3호선,69,경복궁(정부서울청사),25273,8196,23042,7427,10861,6257,1718,2299,1,66
Aug-21,3호선,70,안국,25053,4252,19976,3617,10275,2824,1469,1233,0,15
Aug-21,3호선,71,종로3가,14840,1942,14846,1811,7676,1118,1332,687,3,55
Aug-21,3호선,72,을지로3가,13566,1883,12583,1411,7197,959,1144,551,0,42
Aug-21,3호선,73,충무로,2,0,0,0,1,0,0,0,0,0
Aug-21,3호선,74,동대입구,8181,3449,9667,3909,7144,3149,1150,1241,2,141
Aug-21,3호선,75,약수,11342,14214,11069,13608,6891,11169,1313,3967,0,724
Aug-21,3호선,76,금호,4995,12185,4005,10368,2739,8856,511,2800,0,1
Aug-21,3호선,77,옥수,7589,13424,6793,11855,4553,10385,1040,3283,0,39
Aug-21,3호선,78,압구정,64992,11261,48586,8710,27695,6732,2951,2241,5,499
Aug-21,3호선,79,신사,53864,9698,59630,7839,32704,5884,3525,2519,1,71
Aug-21,3호선,80,잠원,3518,4947,3681,4719,2458,5157,370,1310,1,3
Aug-21,3호선,81,고속터미널,97789,29636,55012,21935,32355,14736,8075,5506,13,203
Aug-21,3호선,82,교대(법원.검찰청),16726,3165,17719,2785,14670,2427,1337,997,0,5
Aug-21,3호선,83,남부터미널(예술의전당),35928,18326,35709,13911,20950,9823,3276,4261,1,31
Aug-21,3호선,84,양재(서초구청),47765,24268,42382,21284,21977,15406,2916,7130,8,645
Aug-21,3호선,85,매봉,12394,7061,13417,5958,6496,5439,918,2388,2,273
Aug-21,3호선,86,도곡,4812,3896,4247,3556,3395,2844,487,1106,3,454
Aug-21,3호선,87,대치,10896,9355,16232,8563,27662,7256,1126,2994,0,5
Aug-21,3호선,88,학여울,1421,1645,1260,1379,979,1319,119,504,0,1
Aug-21,3호선,89,대청,5923,11639,4675,10467,3288,10750,539,3691,0,38
Aug-21,3호선,90,일원,4788,8290,3401,7934,2841,7838,533,2054,1,27
Aug-21,3호선,91,수서,19284,18667,11380,15258,10553,14718,2129,3526,0,345
Aug-21,3호선,92,가락시장,6961,8850,6118,7135,3334,6121,487,2282,1,627
Aug-21,3호선,93,경찰병원,4576,8829,4101,6823,2459,6023,400,2155,1,498
Aug-21,3호선,94,오금,2734,8288,2296,7325,1770,7601,288,2735,0,611
Aug-21,4호선,100,수유(강북구청),23210,53910,21564,48651,14108,38549,3340,18441,1,302
Aug-21,4호선,101,미아(서울사이버대학),8069,21505,6757,18928,4457,15110,1052,6869,1,31
Aug-21,4호선,102,미아사거리,25419,39251,15119,35793,9287,27329,1909,10334,0,0
Aug-21,4호선,103,길음,10314,30527,7855,27026,7685,22649,1553,8533,0,1
Aug-21,4호선,104,성신여대입구(돈암),21278,24562,23224,22481,16409,19373,2977,7434,0,0
Aug-21,4호선,105,한성대입구(삼선교),10642,15447,9728,14656,7235,12974,1578,5576,1,1201
Aug-21,4호선,106,혜화,49782,13381,66936,14034,38513,11533,6064,4785,1,197
Aug-21,4호선,107,동대문,15562,7171,18668,4565,8092,2982,1734,3215,5,29
Aug-21,4호선,108,동대문역사문화공원(DDP),21532,8005,20925,6116,13593,4169,3211,3077,2,243
Aug-21,4호선,109,충무로,36782,7502,32730,7299,17689,5796,3723,2652,1,182
Aug-21,4호선,110,명동,29410,4446,22732,3392,9361,2311,1206,860,1,88
Aug-21,4호선,111,회현(남대문시장),35739,3885,13319,3989,6111,2400,1411,1099,0,120
Aug-21,4호선,112,서울역,9830,10605,8605,9653,5017,7906,1311,3029,0,600
Aug-21,4호선,113,숙대입구(갈월),12964,10706,13174,10393,8185,7784,1448,2948,1,10
Aug-21,4호선,114,삼각지,5716,4371,6188,3969,3519,3300,677,1400,1,128
Aug-21,4호선,115,신용산,23106,8133,19642,6594,10750,4911,2049,1468,0,2
Aug-21,4호선,116,이촌(국립중앙박물관),6717,6855,6378,5896,3234,4804,633,1646,1,8
Aug-21,4호선,117,동작(현충원),2688,2400,2594,1884,1707,1445,397,740,2,140
Aug-21,4호선,118,총신대입구(이수),18788,21834,16483,18592,9952,14826,1399,5679,1,45
Aug-21,4호선,119,사당,21143,25577,21326,23448,14537,19652,2657,8504,3,815
Aug-21,4호선,120,남태령,960,812,575,818,242,621,64,221,1,34
Aug-21,4호선,95,당고개,6238,20525,4805,19172,3067,15516,623,7046,0,89
Aug-21,4호선,96,상계,9169,31369,8716,27651,8873,22778,1392,10541,0,2
Aug-21,4호선,97,노원,22262,28376,21378,24808,14519,20272,1865,8906,12,1553
Aug-21,4호선,98,창동,16687,39031,15935,33729,10000,26687,2223,11771,144,1826
Aug-21,4호선,99,쌍문,12857,52242,11117,45573,7207,36113,1899,16443,3,441
Aug-21,경부선,121,서울역,6530,1665,9788,1386,5749,1184,2223,140,6,6
Aug-21,경부선,122,남영,9313,7275,9561,7188,6039,5579,1068,2364,5,153
Aug-21,경부선,123,용산,69802,21255,60428,16115,32916,7711,6658,2914,38,397
Aug-21,경부선,124,노량진,10134,9657,12288,9120,8624,6973,1038,3080,17,215
Aug-21,경부선,125,대방,9907,13703,9266,13542,5303,9974,1002,3951,32,423
Aug-21,경부선,126,영등포,74616,27668,57129,21763,35425,15796,6072,6494,28,813
Aug-21,경부선,127,신도림,3975,3973,4152,3747,2291,2749,624,1298,5,474
Aug-21,경부선,151,신길,6152,9269,5773,10379,3682,7537,933,3254,15,446
Aug-21,경부선,249,구로,16267,16587,14666,16338,8528,13260,1752,9020,6,3853
Aug-21,경부선,250,가산디지털단지,22027,10250,17591,10668,8216,7999,1416,2986,42,577
Aug-21,경부선,251,금천구청,6991,15084,5916,14889,3797,11355,684,4212,11,239
Aug-21,경부선,252,석수,5303,12608,4229,13172,2622,9902,580,3257,15,228
Aug-21,경부선,253,관악,3702,10090,3470,9630,1555,7835,464,3031,8,211
Aug-21,경부선,254,안양,17973,30315,18656,25261,11333,19020,2087,9393,36,631
Aug-21,경부선,255,명학,9908,8732,5469,7457,3145,6636,644,3295,4,103
Aug-21,경부선,256,금정,20802,33782,17425,34903,10068,26965,2620,13417,26,1335
Aug-21,경부선,257,군포,8529,6858,4921,5933,3044,4796,586,1846,5,44
Aug-21,경부선,258,의왕,5867,12669,4950,10112,2580,8214,768,4108,13,104
Aug-21,경부선,259,성균관대,8771,25080,8714,21331,6081,16356,1392,7275,14,285
Aug-21,경부선,260,화서,3335,13313,2720,9587,2208,8177,502,3381,6,392
Aug-21,경부선,261,수원,65015,40112,49711,32006,31663,24672,6208,11136,48,2436
Aug-21,경부선,262,독산,15720,16176,10844,16345,5897,13087,1242,4178,36,294
Aug-21,경부선,263,세류,2045,4640,1869,4353,1084,3254,235,1412,3,315
Aug-21,경부선,264,병점,11396,25094,9675,19961,6393,17020,1406,7568,5,2361
Aug-21,경부선,265,세마,1613,3793,1376,3845,742,2785,246,1205,13,79
Aug-21,경부선,266,오산대,2608,3979,2264,4313,1271,2834,469,1447,38,85
Aug-21,경부선,267,오산,10317,15535,7591,12756,3785,7606,1217,4289,46,325
Aug-21,경부선,268,진위,1710,1205,1077,1194,481,848,212,510,0,37
Aug-21,경부선,269,송탄,3127,7246,2561,6660,1418,5578,515,3801,33,266
Aug-21,경부선,270,서정리,5669,9235,4055,7052,1660,6384,630,4083,17,300
Aug-21,경부선,271,평택지제,3428,3733,3232,3115,2389,2496,821,1258,0,73
Aug-21,경부선,272,평택,17761,15173,11822,12945,7860,9525,2849,5287,21,1012
Aug-21,경부선,273,성환,3259,4081,1724,3981,893,3020,367,1764,27,531
Aug-21,경부선,274,직산,685,757,457,749,350,572,173,616,23,71
Aug-21,경부선,275,두정,5023,7881,4431,5672,3727,5052,1252,4872,25,989
Aug-21,경부선,276,천안,6144,6760,4187,4090,2883,3099,1013,2577,9,784
Aug-21,경부선,277,당정,3619,10332,2651,8249,1812,7381,511,3142,6,63
Aug-21,경부선,278,서동탄,778,2083,477,1631,384,1827,28,777,3,411
Aug-21,경부선,279,광명,3739,2904,2677,4314,1503,1473,388,20,0,0
Aug-21,경인선,293,개봉,11357,33876,9675,32221,6554,23817,1696,8316,12,520
Aug-21,경인선,294,오류동,5788,18737,4772,17330,3466,13027,893,5077,3,309
Aug-21,경인선,295,역곡,14327,45833,12598,40482,8714,32221,1850,13069,9,297
Aug-21,경인선,296,부천,28956,44209,29822,42049,18763,31627,3623,15670,2,301
Aug-21,경인선,297,송내,17461,39171,15298,34424,11579,27150,3207,10946,18,148
Aug-21,경인선,298,부평,35099,40732,38559,34502,26138,28328,5306,12902,48,1114
Aug-21,경인선,299,백운,3489,11609,2818,10769,1832,8247,669,4249,6,305
Aug-21,경인선,300,동암,9786,25592,8428,23788,5649,19689,1482,8481,29,745
Aug-21,경인선,301,주안,15104,26486,14519,23455,9698,19137,2154,10957,79,1171
Aug-21,경인선,302,제물포,5235,15088,4288,14162,2790,12073,747,6223,11,958
Aug-21,경인선,303,동인천,10627,16335,8915,12692,4916,11861,871,5263,4,1257
Aug-21,경인선,304,인천,4674,1725,3250,1374,1749,1154,272,604,2,317
Aug-21,경인선,305,구일,2809,9435,2629,8485,1919,6022,540,2532,2,113
Aug-21,경인선,306,소사,3977,12876,3392,13442,2265,9661,729,5725,3,90
Aug-21,경인선,307,부개,3776,13503,3157,12217,2271,9246,689,4375,5,125
Aug-21,경인선,308,간석,3136,9092,3286,7129,1980,6616,724,3501,17,306
Aug-21,경인선,309,도원,1564,2954,1328,2434,723,1864,169,1351,16,306
Aug-21,경인선,310,온수(성공회대입구),3173,9510,3135,8348,1952,7117,586,2573,0,153
Aug-21,경인선,311,중동,4271,13988,3916,12138,2589,9972,682,4672,3,89
Aug-21,경인선,312,도화,2167,5820,1795,4692,1326,3650,430,2604,4,368
Aug-21,경원선,128,이촌(국립중앙박물관),3334,3769,3084,3199,1798,2856,382,1029,0,57
Aug-21,경원선,129,서빙고,1642,1414,1356,1354,832,1095,233,500,0,26
Aug-21,경원선,130,한남,4707,2379,4644,2700,3149,1895,654,825,3,28
Aug-21,경원선,131,옥수,39,4,63,10,9,8,4,0,0,0
Aug-21,경원선,132,응봉,1005,2255,885,1775,659,1791,194,667,6,19
Aug-21,경원선,133,왕십리(성동구청),17365,22274,20740,17926,12025,16973,1903,6002,25,1667
Aug-21,경원선,134,청량리(서울시립대입구),22131,15155,14450,14308,7457,8930,2606,3648,10,438
Aug-21,경원선,136,외대앞,4948,10260,4815,9818,3600,9356,939,4378,30,552
Aug-21,경원선,137,신이문,3114,13580,2425,11682,1891,9601,524,3731,37,500
Aug-21,경원선,138,석계,4893,14416,5115,12939,3289,9251,809,3852,23,679
Aug-21,경원선,139,광운대,3900,11925,3730,9999,2684,8316,826,5330,35,1658
Aug-21,경원선,140,월계,2797,8882,2424,7529,1751,6103,437,2710,27,475
Aug-21,경원선,141,녹천,1502,6693,1459,6058,818,4635,324,2450,48,367
Aug-21,경원선,142,창동,1,0,0,0,0,0,0,0,0,0
Aug-21,경원선,358,방학,5680,12563,4839,10823,3014,9402,784,4249,50,1009
Aug-21,경원선,359,도봉,2663,7904,2143,6716,1366,6118,458,2690,28,601
Aug-21,경원선,360,도봉산,4303,4398,2921,3800,1564,3531,421,1640,24,502
Aug-21,경원선,361,망월사,2867,12099,2691,10014,1956,8398,604,3656,48,866
Aug-21,경원선,362,회룡,4936,19789,4051,16837,2921,13001,682,5479,62,1387
Aug-21,경원선,363,의정부,24036,24474,18120,19950,12367,16171,2729,7899,207,2739
Aug-21,경원선,364,가능,3858,10766,3269,7388,2180,7297,565,3268,73,1219
Aug-21,경원선,365,녹양,2331,7002,1963,5324,1295,5255,279,2196,22,821
Aug-21,경원선,366,양주,3927,12720,2968,9470,1670,9130,480,3459,25,1230
Aug-21,경원선,367,덕계,1161,4603,1022,3532,628,2563,202,1577,3,354
Aug-21,경원선,368,덕정,3316,6887,2642,7432,1751,5109,803,2680,57,580
Aug-21,경원선,369,지행,4494,9936,3854,9015,2600,8240,800,4148,49,830
Aug-21,경원선,370,동두천중앙,1645,3851,1088,3251,788,3222,234,1723,15,386
Aug-21,경원선,371,보산,905,2420,677,1991,310,1626,107,922,3,208
Aug-21,경원선,372,동두천,1230,3234,538,2379,321,1596,143,1078,1,228
Aug-21,경원선,373,소요산,1523,1525,786,895,262,716,108,796,0,270
Aug-21,안산선,280,산본,13661,24359,14366,19327,9676,15148,1466,7148,20,682
Aug-21,안산선,281,대야미,3380,6640,2582,6124,1495,5416,427,2011,18,176
Aug-21,안산선,282,반월,2362,7232,1517,6159,1028,5154,387,1985,52,179
Aug-21,안산선,283,상록수,8968,31650,7440,27907,4796,21807,1320,10262,55,1138
Aug-21,안산선,284,한대앞,6016,13791,5491,11653,3821,10354,928,5379,23,658
Aug-21,안산선,285,중앙,19713,24484,20711,22385,15244,17294,2510,10088,63,1346
Aug-21,안산선,286,고잔,5929,10377,5437,9260,3641,7557,1012,4597,21,816
Aug-21,안산선,287,초지,2633,8032,2221,6669,1238,5167,339,2574,13,534
Aug-21,안산선,288,안산,16496,12962,9844,11328,3662,8231,860,3824,30,876
Aug-21,안산선,289,신길온천,1068,2473,661,2222,401,1996,86,1047,3,191
Aug-21,안산선,290,정왕,7802,10493,5468,8962,2513,7337,618,4213,6,728
Aug-21,안산선,291,오이도,9029,12568,8022,10495,4310,9390,852,5230,0,1201
Aug-21,안산선,292,수리산,1460,5803,1131,4710,807,4207,155,1747,7,161
Aug-21,과천선,230,선바위,7325,7204,5621,6609,2785,5355,614,2070,4,63
Aug-21,과천선,231,경마공원,591,1004,547,923,229,657,71,302,1,5
Aug-21,과천선,232,대공원,3030,547,3513,352,1236,188,142,132,2,1
Aug-21,과천선,233,과천,2400,7980,1491,7501,1092,6426,260,2468,5,54
Aug-21,과천선,234,정부과천청사,9311,8071,7870,7440,3315,6012,579,2319,6,40
Aug-21,과천선,235,인덕원,18253,30003,16523,26672,8992,22684,1469,8844,11,246
Aug-21,과천선,236,평촌,15742,17737,14032,13275,10117,12061,1794,4528,26,168
Aug-21,과천선,237,범계,32461,30335,26577,23612,19275,20564,2370,7314,11,369
Aug-21,분당선,143,선릉,16542,5163,15989,4343,12922,3513,1238,1379,33,375
Aug-21,분당선,144,한티,26595,10733,23253,9347,26627,7499,1634,2557,23,115
Aug-21,분당선,145,도곡,6766,5237,5720,4796,4080,3998,564,1377,7,142
Aug-21,분당선,146,구룡,842,1374,1333,1227,504,1235,81,454,2,20
Aug-21,분당선,147,개포동,2696,3877,2707,3509,2122,3391,460,1123,1,35
Aug-21,분당선,148,대모산입구,1981,3800,1483,3644,916,3134,249,1162,9,67
Aug-21,분당선,149,수서,16777,15029,10362,12435,10431,10658,2975,2971,0,177
Aug-21,분당선,150,복정,0,0,0,0,0,0,0,0,0,0
Aug-21,분당선,313,수원,11272,7736,10336,6872,6722,4718,1248,2135,34,284
Aug-21,분당선,314,서울숲,14239,7562,12596,6844,6794,6012,1018,1809,22,347
Aug-21,분당선,315,압구정로데오,46993,5536,36555,3657,20946,2974,1884,1130,29,201
Aug-21,분당선,316,강남구청,12738,5781,11683,4442,6967,4059,992,1413,12,287
Aug-21,분당선,317,선정릉,9533,3505,7935,3192,5671,2899,915,974,14,186
Aug-21,분당선,318,가천대,3675,12408,3317,13053,2579,11360,802,5371,7,115
Aug-21,분당선,319,태평,6416,22519,5222,24016,3401,16045,867,6294,13,174
Aug-21,분당선,320,모란,13623,27957,12926,25934,8492,19728,2088,8607,24,262
Aug-21,분당선,321,야탑,23006,28560,20916,21941,12786,21009,2439,7407,31,506
Aug-21,분당선,322,서현,40312,20467,33408,16270,19396,12910,2876,5018,64,288
Aug-21,분당선,323,수내,21012,10255,14606,8353,10048,7294,1416,2625,37,255
Aug-21,분당선,324,정자,19879,16345,22894,13665,17568,12138,3244,4278,73,695
Aug-21,분당선,325,미금,14112,17508,14690,14975,10392,12819,1588,5336,28,801
Aug-21,분당선,326,오리,9457,11517,8821,9492,4786,8399,1123,3577,35,461
Aug-21,분당선,327,이매,3415,6186,4190,5551,3582,5671,511,2043,28,249
Aug-21,분당선,328,보정,1075,3002,1129,2652,899,2744,158,1281,0,80
Aug-21,분당선,329,죽전,20121,20884,10669,18055,6102,16246,1048,7822,1,2561
Aug-21,분당선,330,구성,2270,9197,1931,6788,1349,7349,331,2875,1,192
Aug-21,분당선,331,신갈,1555,7852,1386,6193,999,6653,258,2353,5,95
Aug-21,분당선,332,기흥,6897,14651,6452,12447,4168,12961,966,5104,13,327
Aug-21,분당선,333,상갈,3306,8809,3248,8215,1464,7190,477,2638,1,314
Aug-21,분당선,334,청명,2312,6355,1801,5782,1694,4821,385,1968,4,165
Aug-21,분당선,335,영통,9088,9097,10267,8735,8464,7882,1434,2996,33,222
Aug-21,분당선,336,망포,11563,20645,9907,15975,6590,13409,1640,4906,36,298
Aug-21,분당선,337,매탄권선,2535,7747,2233,6490,1644,6335,392,2536,6,147
Aug-21,분당선,338,수원시청,14790,14935,17122,10769,12140,10260,1955,4253,43,443
Aug-21,분당선,339,매교,1427,3493,1274,3076,886,2473,220,858,7,93
Aug-21,일산선,374,원흥,5868,15562,5200,14550,3530,12347,651,4488,10,99
Aug-21,일산선,375,지축,0,0,0,0,0,0,0,0,0,0
Aug-21,일산선,376,삼송,12590,29374,15043,24027,6115,19170,930,5564,7,139
Aug-21,일산선,377,원당,4780,17840,3638,17021,2171,14487,419,5126,0,13
Aug-21,일산선,378,화정,11895,25027,12699,22757,8860,18934,1377,6456,6,5
Aug-21,일산선,379,대곡,1083,1676,969,1780,687,1543,276,1031,0,12
Aug-21,일산선,380,백석,8750,11905,8904,9477,5095,7850,1253,3735,0,3
Aug-21,일산선,381,마두,5077,8280,5075,6373,3973,5539,415,2953,0,1
Aug-21,일산선,382,정발산,12529,5437,10555,3970,6780,3087,813,1926,2,3
Aug-21,일산선,383,주엽,5786,12361,5284,9738,4205,7498,448,4244,2,97
Aug-21,일산선,384,대화,6688,18111,5390,14880,3333,12528,579,4767,4,1343
Aug-21,중앙선,135,회기,17210,30138,17437,30912,13269,31496,3634,12009,63,1645
Aug-21,중앙선,152,중랑,2938,9480,2513,7041,1654,7106,430,2686,5,183
Aug-21,중앙선,153,상봉(시외버스터미널),4518,10254,4177,8381,2468,8197,769,3152,25,658
Aug-21,중앙선,154,망우,4849,11498,4017,8303,2398,7359,595,3743,8,327
Aug-21,중앙선,155,양원,660,2075,498,1543,409,1452,53,529,1,25
Aug-21,중앙선,156,구리,9802,21127,7112,16907,5330,14956,810,7143,7,239
Aug-21,중앙선,157,도농,4283,15716,3567,12222,2103,9558,520,5886,4,516
Aug-21,중앙선,158,양정,488,616,341,481,141,379,26,181,0,30
Aug-21,중앙선,159,덕소,3030,8052,2450,8672,1811,7435,370,3839,3,594
Aug-21,중앙선,160,도심,1032,2779,1009,2614,663,2377,96,1167,0,0
Aug-21,중앙선,161,팔당,2057,734,1927,488,559,333,56,211,0,0
Aug-21,중앙선,162,운길산,1013,468,348,508,155,492,27,248,0,0
Aug-21,중앙선,163,양수,1982,2613,1090,2240,351,1638,113,831,0,0
Aug-21,중앙선,164,신원,78,141,42,128,29,136,5,73,0,0
Aug-21,중앙선,165,국수,379,1250,214,920,92,718,19,334,0,0
Aug-21,중앙선,166,아신,405,781,215,838,170,489,14,382,0,4
Aug-21,중앙선,167,오빈,199,375,58,417,31,290,15,170,0,9
Aug-21,중앙선,168,양평,2671,4394,1807,2406,1410,1919,89,1837,6,73
Aug-21,중앙선,169,원덕,215,330,94,468,25,277,0,161,0,20
Aug-21,중앙선,170,용문,929,2544,733,1424,314,1127,0,927,1,249
Aug-21,중앙선,171,지평,2,4,27,84,14,32,0,0,0,0
Aug-21,장항선,224,봉명,515,717,426,851,420,659,343,463,0,40
Aug-21,장항선,225,쌍용(나사렛대),1369,2348,903,1698,958,1755,387,1323,3,269
Aug-21,장항선,226,아산,3339,3159,3861,1957,3136,1825,1414,784,31,196
Aug-21,장항선,227,배방,734,1566,668,1104,727,1070,259,628,17,181
Aug-21,장항선,228,온양온천,2245,4127,1937,3950,1617,2976,602,1593,19,507
Aug-21,장항선,229,신창(순천향대),968,1538,633,1520,449,1702,103,890,1,165
Aug-21,경의선,173,신촌,895,509,912,253,711,81,165,241,0,22
Aug-21,경의선,174,효창공원앞,2601,3144,2282,3417,1497,2691,412,1370,2,116
Aug-21,경의선,176,서강대,2673,1776,3141,2018,2301,1325,589,695,4,40
Aug-21,경의선,178,가좌,3337,6698,2697,5007,2076,4662,516,2600,4,164
Aug-21,경의선,180,수색,2447,1742,1926,1060,1267,1223,330,576,15,62
Aug-21,경의선,181,화전,985,1362,772,1306,608,1297,264,529,20,158
Aug-21,경의선,182,강매,764,5437,844,4709,439,4229,120,1748,2,345
Aug-21,경의선,183,행신,5848,11622,4097,10669,3697,8541,963,3544,64,767
Aug-21,경의선,184,능곡,1907,5201,1480,5254,949,4595,307,2066,8,784
Aug-21,경의선,185,곡산,418,630,222,519,166,390,51,172,8,13
Aug-21,경의선,186,백마,3209,11402,3003,9611,3064,8553,608,4298,0,167
Aug-21,경의선,187,풍산,3736,9667,3806,8171,2325,6430,474,3573,9,104
Aug-21,경의선,188,일산,4145,13963,3504,13853,3291,10592,711,6183,10,1227
Aug-21,경의선,189,탄현,3952,12812,3703,11963,2883,7770,688,5498,19,893
Aug-21,경의선,190,야당,5772,10214,6726,9105,4975,6433,986,4483,58,714
Aug-21,경의선,191,운정,3061,10145,2596,9118,1774,7367,400,3672,22,542
Aug-21,경의선,192,금릉,3308,6309,2638,5932,2086,5386,283,2922,13,512
Aug-21,경의선,193,금촌,5117,8443,3801,8477,2160,6591,401,3302,36,492
Aug-21,경의선,194,월롱,2570,2311,1998,2447,574,2049,40,1219,5,195
Aug-21,경의선,195,파주,623,1045,684,843,195,666,24,403,0,86
Aug-21,경의선,196,문산,3521,8062,2453,5402,1479,5606,58,3030,0,826
Aug-21,경의선,197,임진강,0,0,0,0,0,0,0,0,0,0
Aug-21,경의선,198,서울역,4345,2531,4855,845,780,103,694,811,0,50
Aug-21,경의선,199,공덕,4491,2206,4437,2357,2382,1620,458,764,5,79
Aug-21,경의선,200,홍대입구,3402,1260,4409,1448,3815,1048,703,480,13,53
Aug-21,경의선,201,디지털미디어시티,1618,3499,1376,2939,959,2803,334,1126,11,100
Aug-21,경의선,203,계양,0,0,0,0,0,0,0,0,0,0
Aug-21,경의선,204,검암,0,0,0,0,0,0,0,0,0,0
Aug-21,경춘선,205,신내,938,1534,688,1370,617,1069,199,504,0,90
Aug-21,경춘선,206,갈매,1847,4270,2314,3325,1328,2260,346,876,6,317
Aug-21,경춘선,207,별내,2285,4161,2383,2636,1909,2829,547,899,11,190
Aug-21,경춘선,208,퇴계원,1674,5958,1446,3947,949,4744,267,1400,14,373
Aug-21,경춘선,209,사릉,1432,5253,1307,3639,661,3436,182,1458,9,293
Aug-21,경춘선,210,금곡,771,1553,627,1607,411,1393,111,721,7,85
Aug-21,경춘선,211,평내호평,3985,8990,3641,7468,3078,6731,821,3384,18,1137
Aug-21,경춘선,212,천마산,664,3040,537,2353,381,1692,82,877,0,33
Aug-21,경춘선,213,마석,2742,5816,2112,4708,1512,3811,431,1630,4,166
Aug-21,경춘선,214,대성리,400,486,241,309,166,315,38,189,0,1
Aug-21,경춘선,215,청평,1088,2200,702,1605,336,1153,79,891,0,0
Aug-21,경춘선,216,상천,150,212,75,148,29,85,11,53,3,8
Aug-21,경춘선,217,가평,2093,1697,1239,1410,469,1030,194,759,0,42
Aug-21,경춘선,218,굴봉산,139,119,71,55,11,68,1,30,0,0
Aug-21,경춘선,219,백양리,85,44,68,47,48,34,13,17,0,0
Aug-21,경춘선,220,강촌,564,326,494,263,143,220,44,142,5,7
Aug-21,경춘선,221,김유정,277,240,163,158,55,101,20,53,0,12
Aug-21,경춘선,222,남춘천,2608,2801,2202,2137,1313,2629,222,1279,2,631
Aug-21,경춘선,223,춘천,1552,866,965,932,475,854,30,688,0,218
Aug-21,수인선,340,고색,3945,5151,2819,4127,1162,3320,308,1550,3,688
Aug-21,수인선,341,오목천,1386,2731,1184,2827,763,3474,360,1406,1,120
Aug-21,수인선,342,어천,657,739,352,728,191,860,85,325,0,29
Aug-21,수인선,343,야목,219,213,121,313,97,204,31,93,0,15
Aug-21,수인선,344,사리,1809,6694,1416,7037,1452,5621,421,3127,17,331
Aug-21,수인선,345,달월,54,56,36,43,22,30,5,15,1,3
Aug-21,수인선,346,월곶,1930,3402,1815,3544,1303,2854,495,1106,3,117
Aug-21,수인선,347,소래포구,3892,5211,3665,4957,2476,3899,846,1992,8,183
Aug-21,수인선,348,인천논현,5974,6218,6363,5359,3797,3833,941,2020,1,220
Aug-21,수인선,349,호구포,5101,3683,3649,2792,1459,2390,506,1347,0,161
Aug-21,수인선,350,남동인더스파크,3201,1209,1714,662,450,497,162,206,0,14
Aug-21,수인선,351,원인재,3135,6719,3286,6772,2090,5520,690,2741,2,229
Aug-21,수인선,352,연수,3887,5822,4252,5519,2891,3667,907,2125,10,407
Aug-21,수인선,353,송도,1269,2790,990,2913,720,2344,252,1113,4,185
Aug-21,수인선,354,인하대,3836,7652,3769,6978,2789,4953,890,2631,17,495
Aug-21,수인선,355,숭의,2139,4002,1778,4573,1376,2812,515,1219,4,241
Aug-21,수인선,356,신포,1715,1133,1491,1293,715,1011,160,336,2,81
Aug-21,수인선,357,인천,1373,1773,1245,1604,694,1389,135,670,1,99
Aug-21,경강선,238,판교,10737,1479,7162,1315,2852,828,679,396,0,220
Aug-21,경강선,239,이매,901,1035,1077,876,902,502,237,207,0,115
Aug-21,경강선,240,삼동,784,3905,608,3820,281,2354,87,647,3,20
Aug-21,경강선,241,경기광주,2601,12849,2074,11153,1187,7122,291,3127,0,16
Aug-21,경강선,242,초월,1299,6509,941,4261,452,4069,170,1923,0,0
Aug-21,경강선,243,곤지암,1392,2817,856,3074,354,1912,157,1076,0,0
Aug-21,경강선,244,신둔도예촌,870,2197,694,1986,184,1329,91,743,0,0
Aug-21,경강선,245,이천,2507,4200,2045,2557,859,2910,249,1084,1,210
Aug-21,경강선,246,부발,1745,3240,941,2652,430,2413,169,1625,3,570
Aug-21,경강선,247,세종대왕릉,164,338,70,365,26,143,13,156,1,33
Aug-21,경강선,248,여주,1758,3610,1035,1950,515,2032,110,1498,0,523
Aug-21,5호선,385,방화,3112,10286,2331,8871,1575,7569,351,3281,0,383
Aug-21,5호선,386,개화산,2798,7712,2304,7261,1754,6301,360,2581,0,331
Aug-21,5호선,387,김포공항,14225,3719,13895,1616,8167,1027,1813,426,6,37
Aug-21,5호선,388,송정,4248,8536,3721,7858,2549,6847,698,2931,4,233
Aug-21,5호선,389,마곡,8894,8521,7913,7469,5210,6363,1089,2746,6,244
Aug-21,5호선,390,발산,22274,12894,23547,10257,15644,8700,2225,3013,8,326
Aug-21,5호선,391,우장산,6862,20517,5913,17089,4783,16817,709,6031,4,396
Aug-21,5호선,392,화곡,12800,46507,11139,42433,7666,33155,1803,14524,2,735
Aug-21,5호선,393,까치산,12884,53103,11253,50311,8283,38055,2132,16363,4,602
Aug-21,5호선,394,신정(은행정),4678,19530,4176,17923,3123,16364,756,6319,3,84
Aug-21,5호선,395,목동,11354,25700,11500,23140,11071,17549,1574,7285,1,82
Aug-21,5호선,396,오목교(목동운동장앞),34267,19264,26455,17674,23401,13361,2631,5814,0,40
Aug-21,5호선,397,양평,4769,7616,4015,7703,2489,5843,590,2401,0,22
Aug-21,5호선,398,영등포구청,3092,2971,2819,2560,1969,2347,533,971,0,2
Aug-21,5호선,399,영등포시장,8298,8816,7448,8576,5168,7190,1062,2487,0,8
Aug-21,5호선,400,신길,2351,6027,2849,6727,1813,5275,587,1914,1,17
Aug-21,5호선,401,여의도,39621,6564,29361,5462,13359,4201,2071,1676,2,644
Aug-21,5호선,402,여의나루,26392,7192,20946,4836,14004,3140,3681,1246,2,91
Aug-21,5호선,403,마포,13358,10408,14284,8882,7696,7346,1881,3030,2,174
Aug-21,5호선,404,공덕,14662,9339,14657,8306,8197,6611,1451,2485,2,204
Aug-21,5호선,405,애오개,4532,6525,3495,5723,2672,5058,550,1943,0,815
Aug-21,5호선,406,충정로(경기대입구),4241,3604,3474,3640,2057,3125,367,1266,0,94
Aug-21,5호선,407,서대문,18582,7266,14325,7579,8500,5602,1522,2533,0,196
Aug-21,5호선,408,광화문(세종문화회관),41038,6191,40498,4898,18883,3319,3208,1283,2,105
Aug-21,5호선,409,종로3가,22162,3379,22643,2522,11573,1855,1614,758,3,112
Aug-21,5호선,410,을지로4가,7088,916,5547,874,3183,523,553,257,0,26
Aug-21,5호선,411,동대문역사문화공원(DDP),3341,874,2480,988,1672,580,466,347,0,28
Aug-21,5호선,412,청구,3995,4011,3190,3875,2214,3320,665,1380,2,80
Aug-21,5호선,413,신금호,3894,8742,3420,7859,2087,6765,586,2555,2,159
Aug-21,5호선,414,행당,4170,10751,3624,10566,2929,8428,603,2835,1,147
Aug-21,5호선,415,왕십리(성동구청),6225,4111,6494,3741,4550,3128,1039,1432,0,968
Aug-21,5호선,416,마장,3508,6024,3184,5398,2044,5013,600,1996,4,100
Aug-21,5호선,417,답십리,9298,19829,7411,18375,5764,14963,1295,6131,1,201
Aug-21,5호선,418,장한평,12407,20939,10764,19691,6820,15053,1591,6344,2,280
Aug-21,5호선,419,군자(능동),9618,16318,9900,15029,6923,13298,1579,6006,0,1340
Aug-21,5호선,420,아차산(어린이대공원후문),9871,19929,9057,16457,5709,14847,1259,5947,2,177
Aug-21,5호선,421,광나루(장신대),8185,14713,7953,13687,5988,11610,1135,4309,9,109
Aug-21,5호선,422,천호(풍납토성),29600,16828,22646,15531,13565,12529,2389,5150,11,438
Aug-21,5호선,423,강동,12457,22463,10531,21146,7038,18542,1725,8195,8,862
Aug-21,5호선,424,길동,5355,9875,5131,9076,3438,6400,489,3032,2,405
Aug-21,5호선,425,굽은다리(강동구민회관앞),5235,13800,5447,14273,3688,9922,492,4055,9,628
Aug-21,5호선,426,명일,4379,12525,3778,11078,2718,9059,463,3415,3,430
Aug-21,5호선,427,고덕,5991,11129,6668,9163,5124,8880,837,2957,3,410
Aug-21,5호선,428,상일동,6819,23711,4676,20714,3027,19772,749,7277,1,1217
Aug-21,5호선,429,둔촌동,6279,9301,5739,8680,3582,7460,624,2871,0,0
Aug-21,5호선,430,올림픽공원(한국체대),2667,3920,2076,3216,1646,2714,292,1443,0,84
Aug-21,5호선,431,방이,6311,6987,7597,5714,7756,4718,559,2224,0,230
Aug-21,5호선,432,오금,2884,3320,2239,3362,1782,2601,387,1457,1,164
Aug-21,5호선,433,개롱,4002,8953,3499,8928,2129,7021,325,2591,0,329
Aug-21,5호선,434,거여,4085,10885,3836,10248,2274,9520,415,3406,1,470
Aug-21,5호선,435,마천,2839,9196,1788,8380,1070,8877,140,3140,1,489
Aug-21,5호선,436,강일,1131,6030,937,4223,624,3982,163,2214,0,19
Aug-21,5호선,437,미사,11271,26751,12065,21332,8821,16407,1979,8156,1,1134
Aug-21,5호선,438,하남풍산,3407,4783,3272,4222,1669,3409,349,1482,2,298
Aug-21,5호선,439,하남시청(덕풍·신장),3665,7820,3023,5625,1906,7049,363,2437,0,428
Aug-21,5호선,440,하남검단산,4453,7556,4500,4333,1291,6259,264,2245,0,410
Aug-21,6호선,441,응암,8563,32913,7427,26422,5239,23928,994,8776,1,430
Aug-21,6호선,442,역촌,1847,6822,1380,6881,1103,5002,171,2822,0,0
Aug-21,6호선,443,불광,3638,4890,3173,4383,1724,3759,224,1944,0,29
Aug-21,6호선,444,독바위,938,5293,753,4368,573,4317,144,1870,0,142
Aug-21,6호선,445,연신내,2,0,0,0,0,0,0,0,0,0
Aug-21,6호선,446,구산,3415,8762,3534,7914,2911,6135,481,2501,0,197
Aug-21,6호선,447,새절(신사),5189,20425,4418,18314,3255,15367,746,6132,3,1066
Aug-21,6호선,448,증산(명지대앞),4610,16657,4048,16701,3059,13150,745,5433,1,595
Aug-21,6호선,449,디지털미디어시티,8726,15104,6611,13831,4441,11544,1177,4457,16,690
Aug-21,6호선,450,월드컵경기장(성산),4724,4307,5855,3107,2772,2124,442,779,0,61
Aug-21,6호선,451,마포구청,10398,16736,9790,15437,6609,12680,1748,5967,0,26
Aug-21,6호선,452,망원,18183,14637,17912,13096,11426,10325,3059,5366,0,0
Aug-21,6호선,453,합정,22413,9686,24593,8226,16439,7295,3259,3471,0,17
Aug-21,6호선,454,상수,13620,7099,15950,5502,12055,4604,2276,2320,0,18
Aug-21,6호선,455,광흥창(서강),7292,8338,6378,8087,4358,6531,1093,2528,0,76
Aug-21,6호선,456,대흥(서강대앞),7705,7782,8077,7004,6606,6193,1500,2703,0,70
Aug-21,6호선,457,공덕,20358,11079,19504,10249,11821,8868,2236,3340,11,885
Aug-21,6호선,458,효창공원앞,4736,6716,4385,6035,3018,5236,712,1977,3,199
Aug-21,6호선,459,삼각지,6307,4690,6005,4605,4337,4346,1168,1616,1,70
Aug-21,6호선,460,녹사평(용산구청),7698,3900,9006,3292,6618,2615,1217,1114,0,79
Aug-21,6호선,461,이태원,15972,8361,18582,7300,11728,5772,2133,2647,2,360
Aug-21,6호선,462,한강진,15029,2506,19501,2333,8478,1736,1161,789,0,466
Aug-21,6호선,463,버티고개,1601,2554,1172,2378,915,2175,207,849,1,50
Aug-21,6호선,464,약수,3824,2346,3953,2056,2630,2099,532,810,1,64
Aug-21,6호선,465,청구,4143,3116,3607,2830,2171,2743,573,1303,0,140
Aug-21,6호선,466,신당,10378,6803,17320,5389,6544,5004,1940,5979,1,529
Aug-21,6호선,467,동묘앞,6738,6597,5669,6524,3897,5761,920,4848,2,595
Aug-21,6호선,468,창신,1907,4010,1424,4202,923,3627,238,1328,0,25
Aug-21,6호선,469,보문,4981,9484,4792,9193,3371,8646,1313,3735,1,86
Aug-21,6호선,470,안암(고대병원앞),10062,7240,10925,8045,8477,7464,3093,3255,1,250
Aug-21,6호선,471,고려대(종암),5173,9725,5157,9831,4107,8376,1107,4082,0,104
Aug-21,6호선,472,월곡(동덕여대),7215,15391,6127,14693,3924,11499,1410,4989,1,61
Aug-21,6호선,473,상월곡(한국과학기술연구원),2528,8865,2059,8381,1553,7335,843,3200,1,74
Aug-21,6호선,474,돌곶이,4273,13941,3992,11209,2741,10381,804,4329,0,361
Aug-21,6호선,475,석계,6415,20315,5959,18121,4316,15616,1226,6754,15,613
Aug-21,6호선,476,태릉입구,3633,8216,3356,8531,2605,7101,877,3710,5,488
Aug-21,6호선,477,화랑대(서울여대입구),3672,15779,3093,12921,2361,11474,692,5120,0,417
Aug-21,6호선,478,봉화산(서울의료원),3284,14303,2712,11486,1879,10446,485,4145,16,389
Aug-21,6호선,479,신내,0,0,0,0,0,0,0,0,0,0
Aug-21,7호선,480,장암,909,1206,710,765,198,378,87,333,2,39
Aug-21,7호선,481,도봉산,3213,20311,2290,16638,1589,14951,422,6509,21,931
Aug-21,7호선,482,수락산,6826,21880,5340,18205,3032,15456,852,7119,10,1144
Aug-21,7호선,483,마들,5198,22192,3636,18658,2923,15667,737,7406,6,1097
Aug-21,7호선,484,노원,25126,18722,20080,14553,17116,12465,2184,6148,24,1033
Aug-21,7호선,485,중계,5285,22270,5128,19130,4010,16267,1086,6933,12,1225
Aug-21,7호선,486,하계,8235,25957,8612,23767,6876,19429,1372,9130,12,1083
Aug-21,7호선,487,공릉(서울과학기술대),8201,16451,7234,15143,5372,13698,1359,6460,17,550
Aug-21,7호선,488,태릉입구,6398,11258,6430,10033,4150,9000,1239,3682,20,1128
Aug-21,7호선,489,먹골,5539,16604,4671,14697,3300,12095,921,5017,11,557
Aug-21,7호선,490,중화,5773,17407,5789,15796,3855,13216,907,5114,8,578
Aug-21,7호선,491,상봉(시외버스터미널),13848,24416,13166,20716,8257,18041,2039,7013,46,1074
Aug-21,7호선,492,면목,7596,24948,6304,22552,4060,20081,1136,7604,11,829
Aug-21,7호선,493,사가정,10112,25459,9015,22362,6402,18035,1743,7273,27,572
Aug-21,7호선,494,용마산(용마폭포공원),2510,10354,2143,10062,1444,8141,526,3264,6,217
Aug-21,7호선,495,중곡,5249,13979,4397,13073,3267,11767,675,4419,9,262
Aug-21,7호선,496,군자(능동),12769,16338,12678,15926,8945,12703,1998,5338,12,578
Aug-21,7호선,497,어린이대공원(세종대),11474,12146,12023,11575,9615,10660,2592,5030,7,399
Aug-21,7호선,498,건대입구,21807,9812,18336,9043,13165,7227,3053,3004,2,920
Aug-21,7호선,499,뚝섬유원지,11871,13521,12847,12324,11209,9055,3965,3132,19,234
Aug-21,7호선,500,청담,25904,6627,24612,6430,15771,3971,2792,1714,8,700
Aug-21,7호선,501,강남구청,27939,6145,28135,5038,17158,3497,2785,1895,9,321
Aug-21,7호선,502,학동,31584,6125,30042,5973,19417,4006,3622,2090,12,179
Aug-21,7호선,503,논현,32810,8201,33785,7141,24838,5756,4714,2843,23,417
Aug-21,7호선,504,반포,8093,3653,8978,3020,6636,2683,1039,945,13,123
Aug-21,7호선,505,고속터미널,25837,6363,21594,6591,16686,3336,3709,1224,8,111
Aug-21,7호선,506,내방,14594,9774,14705,8765,10077,7519,1711,2821,19,700
Aug-21,7호선,507,이수,19822,15315,20288,13199,13138,10615,2372,4534,54,603
Aug-21,7호선,508,남성,6521,16015,6416,14370,3919,12322,1098,5098,16,432
Aug-21,7호선,509,숭실대입구(살피재),7076,18350,7030,16105,5521,14811,1556,6009,10,622
Aug-21,7호선,510,상도,6804,15130,5552,13769,5751,11929,1328,4705,17,408
Aug-21,7호선,511,장승배기,5736,13123,5488,12545,4002,9833,1003,4374,30,383
Aug-21,7호선,512,신대방삼거리,10257,24558,8256,21944,6091,18366,1761,7763,18,756
Aug-21,7호선,513,보라매,7262,11213,6519,10107,4261,8369,950,3376,18,472
Aug-21,7호선,514,신풍,6258,15931,5157,16630,3488,12551,903,4790,21,867
Aug-21,7호선,515,대림(구로구청),7240,8693,6015,10831,3669,7381,1146,2781,13,302
Aug-21,7호선,516,남구로,15965,13583,10791,14899,6183,11791,1742,4464,17,349
Aug-21,7호선,517,가산디지털단지,60862,10932,48840,9648,21087,7933,4993,3441,63,473
Aug-21,7호선,518,철산,16188,28378,16301,26368,11210,21204,2107,8490,20,1051
Aug-21,7호선,519,광명사거리,13610,32328,11073,26912,6881,21180,1763,9041,12,1115
Aug-21,7호선,520,천왕,4163,18163,3305,15376,2451,12428,656,4952,8,484
Aug-21,7호선,521,온수(성공회대입구),3457,15824,3178,14004,2236,11937,612,5128,6,1628
Aug-21,7호선,522,까치울,4398,12382,3223,11383,2180,10358,547,4026,2,216
Aug-21,7호선,523,부천종합운동장,2269,5179,2044,4996,1249,4234,334,2040,4,191
Aug-21,7호선,524,춘의,9427,10382,7152,9069,3470,7546,824,3248,9,278
Aug-21,7호선,525,신중동,16244,17176,10768,14239,7549,12071,1657,5649,15,672
Aug-21,7호선,526,부천시청,15234,16417,13089,12915,8845,10534,1337,5467,42,561
Aug-21,7호선,527,상동,13972,16077,17005,12220,13229,9763,2317,5956,97,636
Aug-21,7호선,528,삼산체육관,1958,9296,1684,7299,1281,5968,471,3611,19,381
Aug-21,7호선,529,굴포천,5832,17511,5797,13963,4310,10409,1059,5629,33,768
Aug-21,7호선,530,부평구청,3953,13079,3408,10584,2538,9405,801,4019,13,1256
Aug-21,8호선,531,암사,8532,26629,6798,26570,4459,19234,1201,8061,1,975
Aug-21,8호선,532,천호(풍납토성),15378,20931,11784,18942,7326,14390,1432,6611,5,889
Aug-21,8호선,533,강동구청,5911,13064,5516,11896,3371,10827,708,2979,2,332
Aug-21,8호선,534,몽촌토성(평화의문),5867,5814,5670,5191,4370,4666,1232,1528,0,112
Aug-21,8호선,535,잠실(송파구청),28314,7874,24882,5770,11724,4175,1635,1497,1,227
Aug-21,8호선,536,석촌,7747,9183,8197,8666,6197,6367,1197,2544,3,320
Aug-21,8호선,537,송파,4937,9128,3830,8920,2846,6453,699,2154,2,407
Aug-21,8호선,538,가락시장,7995,7384,8196,6671,4269,4510,1028,2154,2,1032
Aug-21,8호선,539,문정,23597,11465,23489,9723,12447,7670,2133,3216,0,75
Aug-21,8호선,540,장지,18752,16562,16106,13809,10363,11863,1977,4792,0,19
Aug-21,8호선,541,복정,7559,12904,6375,11395,4458,9995,1271,2955,4,125
Aug-21,8호선,542,산성,2168,9928,1766,9496,1025,8358,458,2971,1,85
Aug-21,8호선,543,남한산성입구(성남법원.검찰청),5365,18898,4298,19374,2666,16448,767,5661,0,133
Aug-21,8호선,544,단대오거리,5170,16098,4355,14900,3076,11270,559,5187,0,91
Aug-21,8호선,545,신흥,3393,6717,2419,6379,1604,4463,386,2217,1,49
Aug-21,8호선,546,수진,3036,6828,2396,6963,1598,5456,400,2455,1,62
Aug-21,8호선,547,모란,3459,2760,3517,3003,2355,2414,503,928,1,124
Aug-21,9호선,607,개화,1587,2203,1738,1477,423,1323,117,607,0,57
Aug-21,9호선,608,김포공항,15034,8326,14656,3316,6755,2124,1327,994,9,237
Aug-21,9호선,609,공항시장,1911,5610,1633,4733,979,4211,280,2056,1,26
Aug-21,9호선,610,신방화,3730,10748,2969,9156,2290,8003,564,3266,1,50
Aug-21,9호선,611,마곡나루(서울식물원),12198,13381,12034,11749,7293,10349,1588,4485,7,225
Aug-21,9호선,612,양천향교,5697,13742,4999,11829,3296,10474,751,4953,0,79
Aug-21,9호선,613,가양,11945,28555,10223,27181,6094,21788,1146,8752,0,487
Aug-21,9호선,614,증미,5030,7975,4618,6919,2275,5156,538,2536,0,0
Aug-21,9호선,615,등촌,6250,17401,5393,13163,3561,11628,807,5100,0,0
Aug-21,9호선,616,염창,8049,31895,6924,26093,4437,23543,1003,9083,0,65
Aug-21,9호선,617,신목동,1558,5054,1396,5126,1336,4344,272,1588,1,15
Aug-21,9호선,618,선유도,6503,7327,5335,6469,3631,5164,936,2093,0,0
Aug-21,9호선,619,당산,15252,25251,14818,23234,9777,19727,2267,8290,3,140
Aug-21,9호선,620,국회의사당,17032,2686,14176,2304,7510,1925,1518,788,0,2
Aug-21,9호선,621,여의도,40663,6788,27664,5812,12852,4738,2039,1603,0,118
Aug-21,9호선,622,샛강,6354,2974,6020,2329,3811,2118,807,938,0,11
Aug-21,9호선,623,노량진,24101,31535,33555,31082,32728,25234,2224,11014,2,386
Aug-21,9호선,624,노들,2483,6242,2199,5685,1747,4302,475,1950,0,1
Aug-21,9호선,625,흑석(중앙대입구),5802,9603,5394,8083,4405,7182,819,2912,0,1
Aug-21,9호선,626,동작(현충원),1346,1788,1163,1740,888,1466,235,627,2,433
Aug-21,9호선,627,구반포,2550,2020,1999,1835,1444,1920,180,783,0,16
Aug-21,9호선,628,신반포,2823,2695,2627,2350,1797,2153,352,916,0,1
Aug-21,9호선,629,고속터미널,20381,13714,15809,11805,12478,9626,2659,3227,1,4
Aug-21,9호선,630,사평,2408,3908,1687,3527,1611,3412,220,1136,0,1
Aug-21,9호선,631,신논현,49845,19878,53332,17124,33885,12674,4532,6109,0,396
Aug-21,공항철도 1호선,645,서울역,9914,6222,12009,5798,7492,3943,2759,1433,1,731
Aug-21,공항철도 1호선,646,공덕,2500,2895,2377,2822,1521,2726,363,1142,26,405
Aug-21,공항철도 1호선,647,홍대입구,20463,6540,23057,6018,16272,5562,3053,2965,140,628
Aug-21,공항철도 1호선,648,디지털미디어시티,14973,7179,12537,6489,7960,5168,1782,2405,109,671
Aug-21,공항철도 1호선,649,마곡나루(서울식물원),7082,4807,5818,4388,3382,4053,954,1603,116,1163
Aug-21,공항철도 1호선,650,김포공항,22754,4356,25390,1815,18321,1373,3965,691,46,247
Aug-21,공항철도 1호선,651,계양,2945,18534,2582,17592,1616,14659,518,7077,64,1407
Aug-21,공항철도 1호선,652,검암,3164,11605,2661,10722,1622,9774,496,5043,92,1470
Aug-21,공항철도 1호선,653,청라국제도시,3384,10806,2863,9212,2444,8496,548,3827,68,872
Aug-21,공항철도 1호선,654,운서,5433,11403,4856,9858,3124,9561,736,5064,58,1177
Aug-21,공항철도 1호선,655,공항화물청사,2406,1486,2703,918,2411,244,598,156,1,29
Aug-21,공항철도 1호선,656,인천공항1터미널,5566,2889,5281,1912,3232,1095,663,613,2,281
Aug-21,공항철도 1호선,657,인천공항2터미널,3006,998,2478,1143,1217,495,341,281,0,187
Aug-21,공항철도 1호선,658,영종,2126,5286,1814,4960,1231,4012,367,2783,47,636
Aug-21,9호선2~3단계,632,언주,12028,5592,10044,5234,7245,4028,1358,1634,0,101
Aug-21,9호선2~3단계,633,선정릉,12515,5681,10814,5478,8167,4282,1297,1671,0,24
Aug-21,9호선2~3단계,634,삼성중앙,7740,3880,6898,3185,4090,2561,644,1206,0,3
Aug-21,9호선2~3단계,635,봉은사,26210,5491,21611,4995,10791,3580,1173,1269,0,0
Aug-21,9호선2~3단계,636,종합운동장,4219,4644,4769,4282,3258,3330,554,1244,0,6
Aug-21,9호선2~3단계,637,삼전,4581,10440,4135,10430,3733,8633,699,4364,0,139
Aug-21,9호선2~3단계,638,석촌고분,4125,9984,4131,8769,2911,6401,458,2964,0,12
Aug-21,9호선2~3단계,639,석촌,7000,10739,7553,10353,5803,9013,857,2978,2,31
Aug-21,9호선2~3단계,640,송파나루,5264,5657,5455,5454,3681,5085,436,2036,0,62
Aug-21,9호선2~3단계,641,한성백제,2134,3038,1835,2691,1451,2402,252,1241,0,26
Aug-21,9호선2~3단계,642,올림픽공원(한국체대),4779,8240,4661,7466,2750,7491,498,2099,0,76
Aug-21,9호선2~3단계,643,둔촌오륜,411,1125,357,1052,195,1178,51,404,0,16
Aug-21,9호선2~3단계,644,중앙보훈병원,3084,10911,2409,10863,1965,10069,397,2424,0,266
Aug-21,우이신설선,702,북한산우이,1984,2653,1171,2405,780,1909,221,709,0,77
Aug-21,우이신설선,703,솔밭공원,919,4013,645,3223,529,2515,205,1272,0,12
Aug-21,우이신설선,704,4.19민주묘지,1677,3920,1197,3199,728,2476,190,1282,0,3
Aug-21,우이신설선,705,가오리,1794,6488,1212,5696,852,4267,167,2108,0,8
Aug-21,우이신설선,706,화계,1547,4820,1141,4008,684,3012,234,1430,5,10
Aug-21,우이신설선,707,삼양,1007,2862,747,2610,405,1746,144,726,0,1
Aug-21,우이신설선,708,삼양사거리,1492,3094,1190,2523,744,1548,223,947,1,1
Aug-21,우이신설선,709,솔샘,1741,9586,1475,8504,1061,6860,270,2408,0,0
Aug-21,우이신설선,710,북한산보국문,2911,9656,2513,8208,1763,6714,682,2631,1,3
Aug-21,우이신설선,711,정릉,2235,6049,1734,5136,1178,3639,343,1583,0,0
Aug-21,우이신설선,712,성신여대입구(돈암),4298,2612,5127,2045,3637,1614,534,690,0,2
Aug-21,우이신설선,713,보문,1267,1435,1074,1240,873,978,276,402,0,9
Aug-21,우이신설선,714,신설동,2369,766,2211,658,1455,580,317,450,0,100