"접종일","접종대상자","당일 1차접종자 수","1차접종 누계","1차접종률(%)","당일 2차접종자 수","2차접종 누계","2차접종률(%)","당일 3차접종자 수","3차접종 누계","3차접종률(%)","3차접종대상자","당일 4차접종자 수","4차접종 누계","4차접종률(%)"
"2022.04.05","9401888","332","8323745","88.5","275","8237703","87.6","2233","5917434","62.9","9401888","563","36496","0.4"
"2022.04.04","9401888","457","8323397","88.5","504","8237412","87.6","3869","5915191","62.9","9401888","548","35891","0.4"
"2022.04.03","9401888","11","8322696","88.5","7","8236668","87.6","66","5911055","62.9","9401888","8","35305","0.4"
"2022.04.02","9401888","966","8322699","88.5","394","8236677","87.6","3175","5910991","62.9","9401888","281","35289","0.4"
"2022.04.01","9401888","1615","8321849","88.5","945","8236414","87.6","6870","5907750","62.8","9401888","1027","34952","0.4"
"2022.03.31","9401888","685","8320098","88.5","597","8235332","87.6","5323","5900668","62.8","9401888","849","33828","0.4"
"2022.03.30","9401888","188","8318960","88.5","220","8234280","87.6","3966","5895152","62.7","9401888","881","32915","0.4"
"2022.03.29","9401888","243","8318728","88.5","581","8234002","87.6","3581","5891093","62.7","9401888","867","31991","0.3"
"2022.03.28","9401888","290","8318484","88.5","849","8233412","87.6","6606","5887380","62.6","9401888","734","31037","0.3"
"2022.03.27","9401888","4","8317913","88.5","1","8232275","87.6","84","5880451","62.5","9401888","5","30218","0.3"
"2022.03.26","9401888","242","8317917","88.5","184","8232282","87.6","5366","5880375","62.5","9401888","307","30216","0.3"
"2022.03.25","9401888","563","8317759","88.5","453","8232164","87.6","11536","5874719","62.5","9401888","1539","29829","0.3"
"2022.03.24","9401888","297","8317068","88.5","316","8231572","87.6","7240","5862830","62.4","9401888","892","28054","0.3"
"2022.03.23","9401888","278","8316674","88.5","202","8231149","87.5","5127","5855356","62.3","9401888","1031","27064","0.3"
"2022.03.22","9401888","302","8316319","88.5","208","8230867","87.5","5003","5850029","62.2","9401888","975","25760","0.3"
"2022.03.21","9401888","415","8315994","88.5","362","8230612","87.5","8570","5844830","62.2","9401888","1037","24671","0.3"
"2022.03.20","9401888","5","8315191","88.4","4","8229855","87.5","108","5835830","62.1","9401888","3","23400","0.2"
"2022.03.19","9401888","356","8315182","88.4","324","8229848","87.5","5192","5835718","62.1","9401888","343","23396","0.2"
"2022.03.18","9401888","807","8314802","88.4","917","8229479","87.5","13602","5830011","62.0","9401888","2004","22944","0.2"
"2022.03.17","9401888","459","8313864","88.4","519","8228431","87.5","8497","5816025","61.9","9401888","1186","20739","0.2"
"2022.03.16","9401888","372","8313346","88.4","330","8227846","87.5","5556","5807312","61.8","9401888","1506","19227","0.2"
"2022.03.15","9401888","383","8313033","88.4","562","8227560","87.5","5754","5801689","61.7","9401888","1367","17539","0.2"
"2022.03.14","9401888","637","8312602","88.4","831","8226915","87.5","8779","5795463","61.6","9401888","","",""
"2022.03.13","9401888","17","8311681","88.4","4","8225811","87.5","113","5786401","61.5","9401888","","",""
"2022.03.12","9401888","660","8311680","88.4","758","8225806","87.5","6231","5786263","61.5","9401888","","",""
"2022.03.11","9401888","1410","8311183","88.4","2126","8225143","87.5","14801","5779624","61.5","9401888","","",""
"2022.03.10","9401888","902","8309642","88.4","1074","8222838","87.5","11344","5764351","61.3","9401888","","",""
"2022.03.09","9401888","216","8308610","88.4","233","8221622","87.4","1709","5752834","61.2","9401888","","",""
"2022.03.08","9401888","953","8308532","88.4","792","8221482","87.4","7167","5751012","61.2","9401888","","",""
"2022.03.07","9401888","1314","8307458","88.4","1038","8220552","87.4","12388","5743430","61.1","9401888","","",""
"2022.03.06","9401888","8","8305935","88.3","31","8219297","87.4","308","5730846","61.0","9401888","","",""
"2022.03.05","9401888","345","8305965","88.3","802","8219305","87.4","9067","5730542","61.0","9401888","","",""
"2022.03.04","9401888","508","8305659","88.3","1057","8218519","87.4","18116","5720977","60.8","9401888","","",""
"2022.03.03","9401888","316","8305075","88.3","621","8217373","87.4","12679","5702479","60.7","9401888","","",""
"2022.03.02","9401888","377","8304717","88.3","758","8216720","87.4","11710","5689522","60.5","9401888","","",""
"2022.03.01","9401888","36","8304050","88.3","45","8215669","87.4","871","5677586","60.4","9401888","","",""
"2022.02.28","9401888","883","8304160","88.3","1341","8215764","87.4","27167","5676167","60.4","9401888","","",""
"2022.02.27","9401888","38","8302038","88.3","76","8213179","87.4","1132","5648066","60.1","9401888","","",""
"2022.02.26","9401888","788","8301125","88.3","1315","8211655","87.4","20363","5625369","60.1","9401888","","",""
"2022.02.25","9401888","1390","8301125","88.3","2021","8211655","87.3","38588","5625369","59.8","9401888","","",""
"2022.02.24","9401888","1088","8298829","88.3","1458","8208694","87.3","27103","5585486","59.4","9401888","","",""
"2022.02.23","9401888","929","8296984","88.2","570","8206487","87.3","18726","5557354","59.1","9401888","","",""
"2022.02.22","9401888","1035","8295316","88.2","628","8205164","87.3","19615","5537716","58.9","9401888","","",""
"2022.02.21","9401888","1361","8293370","88.2","860","8203591","87.3","27871","5516838","58.7","9401888","","",""
"2022.02.20","9401888","50","8290271","88.2","100","8201009","87.2","1141","5487454","58.4","9401888","","",""
"2022.02.19","9401888","947","8290235","88.2","1491","8200926","87.2","21487","5486288","58.4","9401888","","",""
"2022.02.18","9401888","1866","8289344","88.2","2165","8199492","87.2","40035","5463813","58.1","9401888","","",""
"2022.02.17","9401888","1556","8286542","88.1","1495","8196392","87.2","30743","5422466","57.7","9401888","","",""
"2022.02.16","9401888","1505","8284326","88.1","1456","8194196","87.2","21531","5390726","57.3","9401888","","",""
"2022.02.15","9401888","1671","8282313","88.1","1555","8192213","87.1","23009","5368483","57.1","9401888","","",""
"2022.02.14","9401888","1882","8280188","88.1","1977","8190187","87.1","32816","5344675","56.8","9401888","","",""
"2022.02.13","9401888","47","8276991","88.0","83","8186884","87.1","1334","5309465","56.5","9401888","","",""
"2022.02.12","9401888","865","8276966","88.0","1772","8186815","87.1","26787","5308110","56.5","9401888","","",""
"2022.02.11","9401888","1189","8276266","88.0","2819","8185167","87.1","49613","5280142","56.2","9401888","","",""
"2022.02.10","9401888","883","8274476","88.0","1879","8181700","87.0","36839","5229417","55.6","9401888","","",""
"2022.02.09","9401888","845","8273308","88.0","1839","8179500","87.0","25347","5192005","55.2","9401888","","",""
"2022.02.08","9401888","906","8272128","88.0","2198","8177290","87.0","27829","5165994","54.9","9401888","","",""
"2022.02.07","9401888","1276","8270822","88.0","3241","8174675","86.9","43285","5137756","54.6","9401888","","",""
"2022.02.06","9401888","77","8268394","87.9","142","8170256","86.9","2250","5093656","54.2","9401888","","",""
"2022.02.05","9401888","1173","8268364","87.9","2736","8170148","86.9","34111","5091419","54.2","9401888","","",""
"2022.02.04","9401888","1866","8267281","87.9","5306","8167419","86.9","59849","5055856","53.8","9401888","","",""
"2022.02.03","9401888","1749","8264286","87.9","7135","8160859","86.8","58392","4994356","53.1","9401888","","",""
"2022.02.02","9401888","87","8261034","87.9","141","8152209","86.7","2610","4934581","52.5","9401888","","",""
"2022.02.01","9401888","29","8260929","87.9","40","8152051","86.7","790","4931878","52.5","9401888","","",""
"2022.01.31","9401888","121","8260854","87.9","185","8151966","86.7","4514","4931033","52.4","9401888","","",""
"2022.01.30","9401888","123","8260674","87.9","213","8151708","86.7","4483","4926122","52.4","9401888","","",""
"2022.01.29","9401888","1379","8260439","87.9","3720","8151371","86.7","58784","4921495","52.3","9401888","","",""
"2022.01.28","9401888","1985","8259078","87.8","5414","8147564","86.7","87893","4860585","51.7","9401888","","",""
"2022.01.27","9401888","1401","8256582","87.8","3632","8141573","86.6","59051","4771448","50.7","9401888","","",""
"2022.01.26","9401888","1325","8254731","87.8","3566","8137405","86.6","45468","4711323","50.1","9401888","","",""
"2022.01.25","9401888","1252","8253058","87.8","4409","8133400","86.5","42318","4665071","49.6","9401888","","",""
"2022.01.24","9401888","1669","8251502","87.8","6128","8128558","86.5","52910","4622026","49.2","9401888","","",""
"2022.01.23","9401888","86","8248713","87.7","313","8121284","86.4","2235","4568382","48.6","9401888","","",""
"2022.01.22","9401888","1409","8248700","87.7","2799","8121039","86.4","45036","4566203","48.6","9401888","","",""
"2022.01.21","9401888","2176","8247509","87.7","8320","8118261","86.3","79774","4519749","48.1","9401888","","",""
"2022.01.20","9401888","1480","8244897","87.7","5848","8109394","86.3","51967","4438807","47.2","9401888","","",""
"2022.01.19","9401888","1432","8243145","87.7","5744","8103195","86.2","36387","4385975","46.6","9401888","","",""
"2022.01.18","9401888","1735","8241434","87.7","6488","8097109","86.1","44680","4349399","46.3","9401888","","",""
"2022.01.17","9401888","2280","8239400","87.6","10094","8090244","86.0","70311","4304485","45.8","9401888","","",""
"2022.01.16","9401888","118","8235941","87.6","577","8078945","85.9","3289","4233567","45.0","9401888","","",""
"2022.01.15","9401888","1904","8235942","87.6","4587","8078465","85.9","53011","4230343","45.0","9401888","","",""
"2022.01.14","9401888","3228","8234238","87.6","12951","8073652","85.9","93360","4175126","44.4","9401888","","",""
"2022.01.13","9401888","2379","8230606","87.5","10320","8060382","85.7","60252","4080181","43.4","9401888","","",""
"2022.01.12","9401888","2352","8227788","87.5","10888","8049504","85.6","46088","4019205","42.7","9401888","","",""
"2022.01.11","9401888","2853","8225014","87.5","10733","8038001","85.5","55477","3972202","42.2","9401888","","",""
"2022.01.10","9401888","3721","8221683","87.4","16667","8026621","85.4","77267","3915982","41.7","9401888","","",""
"2022.01.09","9401888","144","8216392","87.4","788","8008287","85.2","2926","3837808","40.8","9401888","","",""
"2022.01.08","9401888","2552","8216475","87.4","12017","8007678","85.2","64827","3835015","40.8","9401888","","",""
"2022.01.07","9505868","642","8203031","86.3","685","7941012","83.5","5694","3385648","35.6","9505868","","",""
"2022.01.06","9401888","2833","8209818","87.3","11544","7978639","84.9","64629","3664712","39.0","9401888","","",""
"2022.01.05","9401888","2907","8206489","87.3","10284","7966424","84.7","54988","3598300","38.3","9401888","","",""
"2022.01.04","9401888","3998","8202972","87.2","8510","7955403","84.6","60977","3540896","37.7","9401888","","",""
"2022.01.03","9401888","6135","8198110","87.2","12197","7945831","84.5","87140","3477076","37.0","9401888","","",""
"2022.01.02","9505868","321","8203299","86.3","367","7941336","83.5","3363","3389052","35.7","9505868","","",""
"2022.01.01","9505868","642","8203031","86.3","685","7941012","83.5","5694","3385648","35.6","9505868","","",""
"2021.12.31","9505868","8169","8202787","86.3","9119","7940669","83.5","124821","3375767","35.5","9505868","","",""
"2021.12.30","9505868","6205","8193446","86.2","6787","7930253","83.4","89986","3246655","34.2","9505868","","",""
"2021.12.29","9505868","6433","8186171","86.1","6829","7922272","83.3","89704","3152648","33.2","9505868","","",""
"2021.12.29","9505868","6433","8186171","86.1","6829","7922272","83.3","89704","3152648","64.5","9505868","","",""
"2021.12.28","9505868","6756","8178419","86.0","6998","7914050","83.3","101467","3058227","62.5","4890972","","",""
"2021.12.27","9505868","10909","8170476","86.0","11292","7905709","83.2","133528","2951272","60.4","4889781","","",""
"2021.12.26","9505868","588","8157184","85.8","302","7891991","83.0","4917","2816539","57.6","4889820","","",""
"2021.12.25","9505868","1311","8156579","85.8","760","7891675","83.0","9140","2811221","57.5","4889820","","",""
"2021.12.24","9505868","12005","8155785","85.8","7438","7891397","83.0","136599","2799633","57.3","4889820","","",""
"2021.12.23","9505868","10829","8142518","85.7","5278","7882655","82.9","96847","2658645","53.9","4931412","","",""
"2021.12.22","9505868","12530","8130240","85.5","5940","7875779","82.9","103929","2556957","51.9","4931412","","",""
"2021.12.21","9505868","11585","8116142","85.4","6111","7868214","82.8","115229","2448022","49.6","4931412","","",""
"2021.12.20","9505868","18242","8102651","85.2","9111","7860254","82.7","151971","2326441","47.2","4931412","","",""
"2021.12.19","9505868","1092","8081511","85.0","327","7848156","82.6","6576","2173116","44.1","4931412","","",""
"2021.12.18","9505868","12231","8081114","85.0","7185","7848461","82.6","110052","2166369","43.9","4931412","","",""
"2021.12.17","9505868","16484","8068292","84.9","12303","7840748","82.5","213984","2048239","41.5","4931412","","",""
"2021.12.16","9505868","13183","8049235","84.7","8643","7825944","82.3","160375","1828394","37.1","4931412","","",""
"2021.12.15","9505868","11851","8034078","84.5","7820","7815332","82.2","170057","1663071","17.5","4931412","","",""
"2021.12.14","9505868","11156","8008859","84.3","10094","7795782","82.0","143908","1344229","14.1","","","",""
"2021.12.13","9505868","11156","8008859","84.3","10094","7795782","82.0","143908","1344229","14.1","","","",""
"2021.12.12","9505868","304","7994449","84.1","284","7782371","81.9","1826","1199359","12.6","","","",""
"2021.12.11","9505868","4597","7994240","84.1","6048","7782165","81.9","59658","1197488","12.6","","","",""
"2021.12.10","9505868","7970","7989408","84.0","11764","7775785","81.8","144509","1134791","11.9","","","",""
"2021.12.09","9505868","6632","7978215","83.9","7730","7760751","81.6","82159","988855","10.4","","","",""
"2021.12.08","9505868","6644","7970030","83.8","7177","7751421","81.5","54764","905390","9.5","","","",""
"2021.12.07","9505868","6319","7962979","83.8","6866","7743802","81.5","54225","849830","8.9","","","",""
"2021.12.06","9505868","9131","7955953","83.7","11854","7736180","81.4","62802","794615","8.4","","","",""
"2021.12.05","9505868","346","7945695","83.6","400","7723156","81.2","961","731310","7.7","","","",""
"2021.12.04","9505868","4416","7945451","83.6","9250","7722859","81.2","21998","730357","7.7","","","",""
"2021.12.03","9505868","6418","7940840","83.5","14436","7713303","81.1","56517","707480","7.4","","","",""
"2021.12.02","9505868","3613","7933770","83.5","8315","7698119","81.0","34397","649999","6.8","","","",""
"2021.12.01","9505868","3716","7929739","83.4","9409","7689314","80.9","28638","614720","6.5","","","",""
"2021.11.30","9505868","3553","7925505","83.4","8131","7679279","80.8","31654","584975","6.2","","","",""
"2021.11.29","9505868","5440","7921614","83.3","18437","7670805","80.7","35757","552580","5.8","","","",""
"2021.11.28","9505868","167","7915339","83.3","325","7651555","80.5","608","515771","5.4","","","",""
"2021.11.27","9505868","5667","7915298","83.3","7969","7651294","80.5","14990","515111","5.4","","","",""
"2021.11.26","9505868","8474","7909670","83.2","14197","7643078","80.4","52625","498855","5.2","","","",""
"2021.11.25","9505868","6294","7900655","83.1","10593","7628192","80.2","32819","444766","4.7","","","",""
"2021.11.24","9505868","6341","7893987","83.0","9394","7617213","80.1","23252","411051","4.3","","","",""
"2021.11.23","9505868","4686","7887218","83.0","7636","7607270","80.0","21942","386645","4.1","","","",""
"2021.11.22","9505868","8463","7882008","82.9","15724","7598973","79.9","30263","363544","3.8","","","",""
"2021.11.21","9505868","254","7872641","82.8","439","7582301","79.8","241","332502","3.5","","","",""
"2021.11.20","9505868","4740","7872544","82.8","7156","7581985","79.8","7994","332199","3.5","","","",""
"2021.11.19","9505868","7716","7867795","82.8","12740","7574735","79.7","25315","323826","3.4","","","",""
"2021.11.18","9505868","6669","7859506","82.7","9520","7561352","79.5","21146","297631","3.1","","","",""
"2021.11.17","9505868","6446","7852307","82.6","10630","7551221","79.4","19440","275434","2.9","","","",""
"2021.11.16","9505868","5818","7845313","82.5","8581","7539835","79.3","20109","255205","2.7","","","",""
"2021.11.15","9505868","11416","7838934","82.5","15826","7530510","79.2","26835","234489","2.5","","","",""
"2021.11.14","9505868","385","7826385","82.3","633","7513491","79.0","427","207356","2.2","","","",""
"2021.11.13","9505868","9722","7826117","82.3","17188","7512903","79","10544","206938","2.2","","","",""
"2021.11.12","9505868","12490","7816790","82.2","24597","7495966","78.9","26844","196327","2.1","","","",""
"2021.11.11","9505868","8884","7803662","82.1","17499","7470547","78.6","21107","168994","1.8","","","",""
"2021.11.10","9505868","9660","7794346","82","16703","7452506","78.4","16814","147592","1.6","","","",""
"2021.11.09","9505868","7908","7784148","81.9","20879","7435187","78.2","19443","130550","1.4","","","",""
"2021.11.08","9505868","18886","7775901","81.8","28901","7413617","78","41421","110812","1.2","","","",""
"2021.11.07","9505868","426","7755977","81.6","708","7383658","77.7","119","69107","0.7","","","",""
"2021.11.06","9505868","7886","7755658","81.6","11462","7383008","77.7","4727","68991","0.7","","","",""
"2021.11.05","9505868","11410","7747766","81.5","26464","7371157","77.5","11236","64067","0.7","","","",""
"2021.11.04","9505868","9229","7735719","81.4","23853","7343803","77.3","8286","52685","0.6","","","",""
"2021.11.03","9505868","9965","7725945","81.3","13797","7319309","77.0","10681","44234","0.5","","","",""
"2021.11.02","9505868","7956","7715781","81.2","15585","7305236","76.8","11133","33357","0.4","","","",""
"2021.11.01","9505868","14487","7706849","81.1","22876","7288535","76.7","6722","22095","0.2","","","",""
"2021.10.31","9505868","590","7691201","80.9","3541","7264156","76.4","35","15305","0.2","","","",""
"2021.10.30","9505868","6786","7690845","80.9","62186","7260745","76.4","607","15271","0.2","","","",""
"2021.10.29","9505868","10066","7684177","80.8","119127","7197005","75.7","1561","14661","0.2","","","",""
"2021.10.28","9505868","9889","7673374","80.7","118168","7075798","74.4","1313","13037","","","","",""
"2021.10.27","9505868","12513","7662842","80.6","45454","6956701","73.2","1933","11665","","","","",""
"2021.10.26","9505868","8093","7649640","80.5","51562","6910102","72.7","1799","9629","","","","",""
"2021.10.25","9505868","14534","7641054","80.4","81910","6857140","72.1","1520","7822","","","","",""
"2021.10.24","9505868","615","7625652","80.2","3029","6774072","71.3","1","6292","","","","",""
"2021.10.23","9505868","9514","7625324","80.2","64412","6771114","71.2","51","6292","","","","",""
"2021.10.22","9505868","11081","7615645","80.1","120508","6704753","70.5","1552","6234","","","","",""
"2021.10.21","9505868","8935","7604057","80.0","90087","6583050","69.3","1346","4434","","","","",""
"2021.10.20","9505868","10388","7594490","79.9","66373","6491721","68.3","829","3083","","","","",""
"2021.10.19","9505868","7074","7583569","79.8","93332","6423946","67.6","580","2218","","","","",""
"2021.10.18","9505868","12809","7576118","79.7","133852","6329932","66.6","612","1625","","","","",""
"2021.10.17","9505868","395","7562468","79.6","3619","6194826","65.2","0","953","","","","",""
"2021.10.16","9505868","10673","7562283","79.6","66910","6191341","65.1","10","953","","","","",""
"2021.10.15","9505868","14556","7551829","79.4","133580","6124432","64.4","319","929","","","","",""
"2021.10.14","9505868","9609","7536654","79.3","94569","5989111","63.0","159","488","","","","",""
"2021.10.13","9505868","9804","7526430","79.2","77503","5893191","62.0","202","280","","","","",""
"2021.10.12","9505868","17274","7516070","79.1","110204","5814018","61.2","","","","","","",""
"2021.10.11","9505868","16395","7497044","78.9","28099","5701291","60.0","","","","","","",""
"2021.10.10","9505868","330","7480597","78.7","3236","5673019","59.6","","","","","","",""
"2021.10.09","9505868","1373","7480266","78.7","15337","5669744","59.6","","","","","","",""
"2021.10.08","9505868","6847","7479069","78.6","200186","5654619","59.4","","","","","","",""
"2021.10.07","9505868","5982","7471415","78.6","138375","5353493","57.4","","","","","","",""
"2021.10.06","9505868","6247","7464613","78.5","95261","5314014","55.9","","","","","","",""
"2021.10.05","9505868","7737","7458216","78.5","146444","5218486","54.9","","","","","","",""
"2021.10.04","9505868","4727","7450028","78.4","41561","5071302","53.3","","","","","","",""
"2021.10.03","9505868","637","7445243","78.3","6422","5029684","52.9","","","","","","",""
"2021.10.02","9505868","21915","7444944","78.3","80525","5023350","52.8","","","","","","",""
"2021.10.01","9505868","41307","7423508","78.1","156636","4942880","52.0","","","","","","",""
"2021.09.30","9505868","67946","7382559","77.7","104742","4786032","50.3","","","","","","",""
"2021.09.29","9505868","40336","7314953","77.0","105746","4681112","49.2","","","","","","",""
"2021.09.28","9505868","47035","7274915","76.5","132787","4575154","48.1","","","","","","",""
"2021.09.27","9505868","78584","7228337","76.0","139274","4442337","46.7","","","","","","",""
"2021.09.26","9505868","4382","7149465","75.2","5363","4302483","45.3","","","","","","",""
"2021.09.25","9505868","58203","7145818","75.2","46721","4297136","45.2","","","","","","",""
"2021.09.24","9505868","111184","7087986","74.6","84966","4250234","44.7","","","","","","",""
"2021.09.23","9505868","107196","6976646","73.4","80540","4164701","43.8","","","","","","",""
"2021.09.22","9575355","5543","6869476","71.7","4188","4083668","42.6","","","","","","",""
"2021.09.21","9575355","1751","6864518","71.7","1378","4079491","42.6","","","","","","",""
"2021.09.20","9575355","4388","6861616","71.7","2230","4076910","42.6","","","","","","",""
"2021.09.19","9575355","3742","6857961","71.6","5585","4074327","42.6","","","","","","",""
"2021.09.18","9575355","71862","6829542","71.3","39944","4074223","42.5","","","","","","",""
"2021.09.17","9575355","123931","6757122","70.6","81868","4034022","42.1","","","","","","",""
"2021.09.16","9575355","88625","6632640","69.3","51260","3951930","41.3","","","","","","",""
"2021.09.15","9575355","75242","6541079","68.3","68849","3898145","40.7","","","","","","",""
"2021.09.14","9575355","121040","6461888","67.4","35198","3825878","39.9","","","","","","",""
"2021.09.13","9575355","169036","6340285","64.4","68468","3790493","38.9","","","","","","",""
"2021.09.12","9575355","3546","6171056","64.4","4917","3721786","38.9","","","","","","",""
"2021.09.11","9575355","60926","6167426","64.4","40766","3716811","38.8","","","","","","",""
"2021.09.10","9575355","123400","6105756","63.8","72243","3675621","38.4","","","","","","",""
"2021.09.09","9575355","91416","5981858","62.5","50641","3603102","37.6","","","","","","",""
"2021.09.08","9575355","73677","5890223","61.5","54596","3552387","37.1","","","","","","",""
"2021.09.07","9575355","111410","5816238","60.7","80167","3497620","36.5","","","","","","",""
"2021.09.06","9575355","145248","5704290","59.6","116052","3417102","35.7","","","","","","",""
"2021.09.05","9575355","1388","5558869","58.1","1580","3300807","34.5","","","","","","",""
"2021.09.04","9575355","22326","5557393","58.0","42787","3299212","34.5","","","","","","",""
"2021.09.03","9575355","45045","5534916","57.8","113133","3256323","34.1","","","","","","",""
"2021.09.02","9575355","39320","5489715","57.3","88297","3142962","32.8","","","","","","",""
"2021.09.01","9575355","34235","5450266","56.9","94420","3054297","31.9","","","","","","",""
"2021.08.31","9575355","51342","5415837","56.6","95981","2959659","30.9","","","","","","",""
"2021.08.30","9575355","83424","5364255","56.0","107394","2863236","29.9","","","","","","",""
"2021.08.29","9575355","2697","5280462","55.1","2921","2755524","28.8","","","","","","",""
"2021.08.28","9575355","51398","5276953","55.1","50134","2752565","28.7","","","","","","",""
"2021.08.27","9575355","110086","5224286","54.6","101098","2702208","28.2","","","","","","",""
"2021.08.26","9575355","126823","5111802","53.4","71032","2599571","27.1","","","","","","",""
"2021.08.25","9575355","63242","4994132","52.2","82944","2533738","26.5","","","","","","",""
"2021.08.24","9575355","71407","4929671","51.5","107587","2450543","25.6","","","","","","",""
"2021.08.23","9575355","74785","4856923","50.7","130725","2342494","24.5","","","","","","",""
"2021.08.22","9795426","7449","4780478","48.8","561","2210777","22.6","","","","","","",""
"2021.08.21","9575355","65430","4771762","49.8","26500","2210176","23.1","","","","","","",""
"2021.08.20","9575355","116425","4704843","49.1","66759","2183532","22.8","","","","","","",""
"2021.08.19","9575355","85052","4587049","47.9","57683","2116503","22.1","","","","","","",""
"2021.08.18","5762857","93303","4500520","78.1","62833","2058630","35.7","","","","","","",""
"2021.08.17","5503804","128626","4405330","80.0","94563","1995627","36.3","","","","","","",""
"2021.08.16","4915812","123845","4273365","86.9","51259","1900836","38.7","","","","","","",""
"2021.08.15","4802523","3875","4149042","86.4","1162","1849485","38.5","","","","","","",""
"2021.08.14","4802523","29755","4145096","86.3","39280","1848314","38.5","","","","","","",""
"2021.08.13","4788775","43931","4115097","85.9","121688","1808837","37.8","","","","","","",""
"2021.08.12","4737032","28270","4070622","85.9","135399","1686971","35.6","","","","","","",""
"2021.08.11","4774960","31041","4041944","84.6","35492","1551492","32.5","","","","","","",""
"2021.08.10","4419973","48625","4010500","90.7","34387","1515914","34.3","","","","","","",""
"2021.08.09","4419959","70831","3961449","89.6","35253","1481476","33.5","","","","","","",""
"2021.08.08","4364248","6105","3890343","89.1","106","1446195","33.1","","","","","","",""
"2021.08.07","4356536","23333","3884200","89.2","8911","1446093","33.2","","","","","","",""
"2021.08.06","4341693","41614","3860574","88.9","30152","1437142","33.1","","","","","","",""
"2021.08.05","4321444","31027","3818469","88.4","25819","1406907","32.6","","","","","","",""
"2021.08.04","4324428","26082","3787227","87.6","23102","1381042","31.9","","","","","","",""
"2021.08.03","4308530","35750","3760901","87.3","20557","1357865","31.5","","","","","","",""
"2021.08.02","4308673","77877","3724642","86.4","7123","1337105","31.0","","","","","","",""
"2021.08.01","3810055","5674","3646552","95.7","68","1329967","34.9","","","","","","",""
"2021.07.31","4170013","39795","3640808","87.3","4188","1329899","31.9","","","","","","",""
"2021.07.30","4164203","80425","3600688","86.4","13659","1325451","31.8","","","","","","",""
"2021.07.29","4164261","60488","3519568","84.5","7742","1310875","31.5","","","","","","",""
"2021.07.28","4137685","84052","3458804","83.6","8120","1302735","31.5","","","","","","",""
"2021.07.27","4150036","74786","3372307","81.2","9381","1293099","31.1","","","","","","",""
"2021.07.26","4058839","125490","3297521","81.2","14681","1283718","31.6","","","","","","",""
"2021.07.25","4065645","85","3168908","77.9","19","1268914","31.2","","","","","","",""
"2021.07.24","4065545","6610","3168820","77.9","2639","1268896","31.2","","","","","","",""
"2021.07.23","4065798","27951","3162205","77.8","10128","1266249","31.1","","","","","","",""
"2021.07.22","4046086","31573","3134191","77.5","8022","1254560","31","","","","","","",""
"2021.07.21","3943320","31192","3102494","78.7","6008","1245273","31.6","","","","","","",""
"2021.07.20","3939275","31212","3071180","78.0","8800","1237904","31.4","","","","","","",""
"2021.07.19","3939611","31651","3039867","77.2","9668","1226600","31.1","","","","","","",""
"2021.07.18","3939611","118","3008122","75.2","151","1216767","29.8","","","","","","",""
"2021.07.17","3955276","8953","3000991","76.1","7397","1216426","30.8","","","","","","",""
"2021.07.16","3950821","26086","2998367","75.8","27192","1203490","30.4","","","","","","",""
"2021.07.15","3950821","25026","2972281","75.2","20650","1176298","29.8","","","","","","",""
"2021.07.14","3911307","23553","2946540","75.3","18514","1152859","29.5","","","","","","",""
"2021.07.13","3726883","20140","2922594","78.4","16581","1130848","30.3","","","","","","",""
"2021.07.12","3514797","6195","2902429","82.6","13308","1110216","31.6","","","","","","",""
"2021.07.11","3528530","66","2896204","82.1","222","1096845","31.1","","","","","","",""
"2021.07.10","3537117","3864","2896137","81.9","8264","1096559","31.0","","","","","","",""
"2021.07.09","3538319","14064","2892191","81.7","20660","1083665","30.6","","","","","","",""
"2021.07.08","3546224","7439","2877851","81.2","13483","1058784","29.9","","","","","","",""
"2021.07.07","3545987","6871","2869885","80.9","11909","1041173","29.4","","","","","","",""
"2021.07.06","3551180","7703","2862693","80.6","12346","1025199","28.9","","","","","","",""
"2021.07.05","3496816","13454","2854873","81.6","9389","1008177","28.8","","","","","","",""
"2021.07.04","3421953","0","2841244","83","0","998134","29.2","","","","","","",""
"2021.07.03","3476510","696","2841238","81.7","4139","997938","28.7","","","","","","",""
"2021.07.02","3476385","1588","2840470","81.7","20529","989375","28.5","","","","","","",""
"2021.07.01","3420685","1642","2838855","83.0","18865","964356","28.2","","","","","","",""
"2021.06.30","3475794","3893","2837158","81.6","22749","941358","27.1","","","","","","",""
"2021.06.29","3496257","3321","2833050","81.0","22407","914519","26.2","","","","","","",""
"2021.06.28","3490157","3278","2829341","81.1","21853","887508","25.4","","","","","","",""
"2021.06.27","3484201","0","2825862","81.0","0","865395","24.8","","","","","","",""
"2021.06.26","3484201","2216","2825885","81.0","6655","865395","24.8","","","","","","",""
"2021.06.25","3484201","7635","2821282","81.0","22720","858697","24.6","","","","","","",""
"2021.06.24","3418720","6581","2811191","82.2","22040","835878","24.5","","","","","","",""
"2021.06.23","3470953","5777","2802006","80.7","22048","813666","23.4","","","","","","",""
"2021.06.22","3466857","6694","2792660","80.6","21120","791467","22.8","","","","","","",""
"2021.06.21","3510564","4973","2781609","80.4","21087","770137","21.9","","","","","","",""
"2021.06.20","3511095","66","2774797","79.0","65","747880","21.3","","","","","","",""
"2021.06.19","3511144","36213","2774543","79.0","7884","747652","21.3","","","","","","",""
"2021.06.18","3446554","90850","2732982","79.3","27755","739623","21.5","","","","","","",""
"2021.06.17","3430375","78339","2637993","76.9","25631","711572","20.7","","","","","","",""
"2021.06.16","3401641","112311","2554809","75.1","57409","685532","20.2","","","","","","",""
"2021.06.15","3391964","122487","2437954","71.9","37687","627708","18.5","","","","","","",""
"2021.06.14","3371856","145519","2309534","68.5","52848","589320","17.5","","","","","","",""
"2021.06.13","3364373","5702","2163259","64.3","2522","535930","15.9","","","","","","",""
"2021.06.12","3364288","82931","2157602","64.1","28724","533379","15.9","","","","","","",""
"2021.06.11","3353331","165265","2070561","61.7","55544","504526","15.0","","","","","","",""
"2021.06.10","3338670","148732","1900981","56.9","68440","448684","13.4","","","","","","",""
"2021.06.09","3102614","104841","1746392","56.2","3076","380200","12.3","","","","","","",""
"2021.06.08","3034302","131465","1636992","53.9","4672","377030","12.4","","","","","","",""
"2021.06.07","3018205","158842","1500832","49.7","5412","372339","12.3","","","","","","",""
"2021.06.06","2286469","463","1341990","58.7","0","366927","16.0","","","","","","",""
"2021.06.05","2282866","31613","1341398","58.8","1135","366926","16.1","","","","","","",""
"2021.06.04","2275616","76685","1309610","57.5","10339","365789","16.1","","","","","","",""
"2021.06.03","2265073","66402","1232478","54.4","8383","355399","15.7","","","","","","",""
"2021.06.02","2249314","73063","1165736","51.8","6277","346936","15.4","","","","","","",""
"2021.06.01","2231513","103600","1092306","48.9","7109","340624","15.3","","","","","","",""
"2021.05.31","2215425","75387","988327","44.6","8127","333469","15.1","","","","","","",""
"2021.05.30","2195709","950","912517","41.6","0","325079","14.8","","","","","","",""
"2021.05.29","2196518","33401","911559","41.5","3580","325079","14.8","","","","","","",""
"2021.05.28","2188641","104641","877710","40.1","17031","321446","14.7","","","","","","",""
"2021.05.27","2175217","122034","772541","35.5","13061","304336","14.0","","","","","","",""
"2021.05.26","1129593","10780","650432","57.6","16175","291118","25.8","","","","","","",""
"2021.05.25","1123393","7748","639483","56.9","21010","274749","24.5","","","","","","",""
"2021.05.24","1124159","7688","631695","56.2","21524","253528","22.6","","","","","","",""
"2021.05.23","1123388","0","623942","55.5","0","231821","20.6","","","","","","",""
"2021.05.22","1122778","2477","623941","55.6","4099","231820","20.6","","","","","","",""
"2021.05.21","1121838","2271","621463","55.4","28449","227493","20.3","","","","","","",""
"2021.05.20","1123023","2205","619017","55.1","22755","198625","17.7","","","","","","",""
"2021.05.19","1121981","14","616705","55.0","3724","175445","15.6","","","","","","",""
"2021.05.18","1120058","2983","616699","55.1","16649","171720","15.3","","","","","","",""
"2021.05.17","1122759","3197","613630","54.7","13074","154898","13.8","","","","","","",""
"2021.05.16","1119118","0","610403","54.5","0","141769","12.7","","","","","","",""
"2021.05.15","1118166","956","610338","54.6","3796","141769","12.7","","","","","","",""
"2021.05.14","1118491","3827","609382","54.1","12751","137973","11.2","","","","","","",""
"2021.05.13","1113909","3391","604185","54.2","12435","125220","11.2","","","","","","",""
"2021.05.12","1116796","2282","600548","53.8","13971","112781","10.1","","","","","","",""
"2021.05.11","1114297","2796","598266","53.7","13030","98810","8.9","","","","","","",""
"2021.05.10","1113580","3131","594975","53.4","12457","85775","7.7","","","","","","",""
"2021.05.09","1113434","0","591040","53.1","0","73295","6.6","","","","","","",""
"2021.05.08","1112095","2801","589744","53.0","1789","73003","6.6","","","","","","",""
"2021.05.07","1119900","17490","592073","52.9","11219","70926","6.3","","","","","","",""
"2021.05.06","1108162","11021","574583","51.9","11715","59707","5.4","","","","","","",""
"2021.05.05","1106344","1788","563044","50.9","1650","47940","4.3","","","","","","",""
"2021.05.04","1104738","18942","559605","50.6","4665","46290","4.1","","","","","","",""
"2021.05.03","1102593","19795","540404","49.0","5033","41624","3.8","","","","","","",""
"2021.05.02","1101302","82","520200","47.2","0","36591","3.3","","","","","","",""
"2021.05.01","1100067","8683","519845","47.2","691","36591","3.3","","","","","","",""
"2021.04.30","1096899","38789","511162","46.6","4280","35900","3.3","","","","","","",""
"2021.04.29","1084245","33484","472376","43.6","3921","31620","2.9","","","","","","",""
"2021.04.28","1088155","31795","438269","40.2","2062","27699","2.5","","","","","","",""
"2021.04.27","1080433","23973","403093","37.3","3721","25631","2.4","","","","","","",""
"2021.04.26","1079832","23323","379120","35.1","3411","21910","2","","","","","","",""
"2021.04.25","1023346","204","350631","34.2","0","18513","1.8","","","","","","",""
"2021.04.24","1023346","4663","350427","34.2","137","18513","1.8","","","","","","",""
"2021.04.23","1027740","28378","345764","33.6","2475","18376","1.8","","","","","","",""
"2021.04.22","1023538","22831","317386","31.0","2358","15901","1.6","","","","","","",""
"2021.04.21","1019322","20830","291857","28.6","25","13543","1.3","","","","","","",""